Transaction_ID,User_ID,Timestamp,Amount,Location,Is_Fraud,Needs_Review,Review_Reason
TXN_1000,U_202,2023-01-26 19:11:24,15.13,"Chicago, IL",0,False,
TXN_1001,U_171,2023-01-02 06:37:48,50.42,"New York, NY",0,False,
TXN_1002,U_221,2023-01-19 04:06:46,194.99,"San Diego, CA",1,False,
TXN_1003,U_472,2023-01-27 07:12:35,12.71,"Philadelphia, PA",0,False,
TXN_1004,U_230,2023-01-04 19:29:25,7.9,"Phoenix, AZ",0,False,
TXN_1005,U_443,2023-01-21 10:48:11,144.48,"Chicago, IL",0,False,
TXN_1006,U_485,2023-01-10 03:55:43,247.76,"Chicago, IL",0,False,
TXN_1007,U_260,2023-01-27 09:52:11,52.29,"Philadelphia, PA",0,False,
TXN_1008,U_352,2023-01-16 03:09:31,6.17,"San Diego, CA",0,False,
TXN_1009,U_574,2023-01-27 02:04:42,30.53,"New York, NY",0,False,
TXN_1010,U_575,2023-01-07 02:23:55,27.81,"Phoenix, AZ",0,False,
TXN_1011,U_289,2023-01-01 23:30:54,53.17,"Philadelphia, PA",0,False,
TXN_1012,U_975,2023-01-28 23:09:42,209.41,"Chicago, IL",0,False,
TXN_1013,U_604,2023-01-28 10:31:30,103.28,"San Antonio, TX",0,False,
TXN_1014,U_746,2023-01-30 22:30:44,34.94,"Philadelphia, PA",0,False,
TXN_1015,U_373,2023-01-17 23:08:09,10.14,"New York, NY",0,False,
TXN_1016,U_439,2023-01-03 23:15:08,94.55,"Los Angeles, CA",0,False,
TXN_1017,U_134,2023-01-07 23:52:45,29.8,"Philadelphia, PA",0,False,
TXN_1018,U_661,2023-01-21 12:36:55,75.4,"Phoenix, AZ",0,False,
TXN_1019,U_489,2023-01-16 18:48:35,15.22,"San Diego, CA",0,False,
TXN_1020,U_802,2023-01-25 06:05:05,79.61,"San Antonio, TX",0,False,
TXN_1021,U_261,2023-01-15 17:15:41,135.63,"Phoenix, AZ",0,False,
TXN_1022,U_962,2023-01-19 08:06:38,9.63,"Houston, TX",0,False,
TXN_1023,U_826,2023-01-17 05:28:27,7.31,"Los Angeles, CA",0,False,
TXN_1024,U_395,2023-01-01 06:27:27,73.78,"Philadelphia, PA",0,False,
TXN_1025,U_978,2023-01-16 07:28:25,172.99,"San Diego, CA",0,False,
TXN_1026,U_287,2023-01-15 20:59:20,22.57,"Los Angeles, CA",0,False,
TXN_1027,U_912,2023-01-17 11:57:52,5.79,"Houston, TX",0,False,
TXN_1028,U_620,2023-01-18 09:53:04,16.08,"Los Angeles, CA",0,False,
TXN_1029,U_571,2023-01-21 06:42:06,89.49,"Phoenix, AZ",0,False,
TXN_1030,U_692,2023-01-21 02:31:35,70.28,"San Diego, CA",0,False,
TXN_1031,U_388,2023-01-25 10:03:38,8.85,"Houston, TX",0,False,
TXN_1032,U_330,2023-01-22 08:03:20,53.82,"Houston, TX",0,False,
TXN_1033,U_132,2023-01-05 01:34:39,701.17,"San Antonio, TX",1,False,
TXN_1034,U_827,2023-01-06 15:59:30,49.74,"Philadelphia, PA",0,False,
TXN_1035,U_825,2023-01-25 13:21:30,46.19,"San Diego, CA",0,False,
TXN_1036,U_838,2023-01-23 13:11:00,183.27,"Philadelphia, PA",0,False,
TXN_1037,U_742,2023-01-03 03:07:44,68.96,"Philadelphia, PA",0,False,
TXN_1038,U_602,2023-01-23 20:03:10,19.79,"Houston, TX",0,False,
TXN_1039,U_894,2023-01-14 12:22:32,67.01,"Phoenix, AZ",0,False,
TXN_1040,U_957,2023-01-02 10:00:09,33.93,"San Diego, CA",0,False,
TXN_1041,U_790,2023-01-09 21:46:38,118.05,"Los Angeles, CA",0,False,
TXN_1042,U_340,2023-01-11 02:52:51,124.06,"San Antonio, TX",0,False,
TXN_1043,U_506,2023-01-12 06:25:48,43.81,"Philadelphia, PA",0,False,
TXN_1044,U_640,2023-01-15 01:04:35,1086.11,"San Antonio, TX",1,True,Transaction exceeds $1000
TXN_1045,U_798,2023-01-23 07:40:34,13.79,"Chicago, IL",0,False,
TXN_1046,U_677,2023-01-17 10:25:45,87.54,"Chicago, IL",0,False,
TXN_1047,U_745,2023-01-24 20:31:23,86.4,"San Antonio, TX",0,False,
TXN_1048,U_655,2023-01-25 13:44:51,116.54,"Philadelphia, PA",0,False,
TXN_1049,U_430,2023-01-07 06:38:55,87.37,"Philadelphia, PA",0,False,
TXN_1050,U_447,2023-01-29 18:06:53,10.83,"Phoenix, AZ",0,False,
TXN_1051,U_476,2023-01-12 09:25:46,32.85,"Philadelphia, PA",0,False,
TXN_1052,U_727,2023-01-02 11:32:28,103.57,"Philadelphia, PA",0,False,
TXN_1053,U_458,2023-01-30 11:53:41,40.74,"Chicago, IL",0,False,
TXN_1054,U_748,2023-01-23 14:48:29,17.56,"San Antonio, TX",0,False,
TXN_1055,U_918,2023-01-27 04:36:30,14.21,"Los Angeles, CA",0,False,
TXN_1056,U_771,2023-01-12 17:29:03,45.83,"San Antonio, TX",0,False,
TXN_1057,U_791,2023-01-18 07:36:16,8.35,"Philadelphia, PA",0,False,
TXN_1058,U_541,2023-01-27 12:10:27,19.18,"Houston, TX",0,False,
TXN_1059,U_906,2023-01-09 20:35:13,67.29,"Houston, TX",0,False,
TXN_1060,U_712,2023-01-09 22:05:46,793.02,"San Diego, CA",1,False,
TXN_1061,U_319,2023-01-17 05:06:44,26.16,"San Antonio, TX",0,False,
TXN_1062,U_484,2023-01-16 02:46:42,62.08,"New York, NY",0,False,
TXN_1063,U_152,2023-01-10 16:34:51,34.69,"Chicago, IL",0,False,
TXN_1064,U_809,2023-01-13 22:50:43,9.22,"Los Angeles, CA",0,False,
TXN_1065,U_283,2023-01-17 13:07:06,18.86,"Philadelphia, PA",0,False,
TXN_1066,U_393,2023-01-30 14:37:11,36.77,"San Antonio, TX",0,False,
TXN_1067,U_709,2023-01-20 05:38:29,43.37,"New York, NY",0,False,
TXN_1068,U_851,2023-01-25 12:50:23,95.18,"Houston, TX",0,False,
TXN_1069,U_223,2023-01-20 04:51:06,463.32,"San Diego, CA",1,False,
TXN_1070,U_870,2023-01-04 14:39:15,24.72,"Phoenix, AZ",0,False,
TXN_1071,U_502,2023-01-11 12:58:01,40.88,"Phoenix, AZ",0,False,
TXN_1072,U_246,2023-01-02 15:34:43,56.81,"Houston, TX",0,False,
TXN_1073,U_919,2023-01-05 15:38:16,63.71,"San Diego, CA",0,False,
TXN_1074,U_739,2023-01-09 14:39:34,143.02,"New York, NY",0,False,
TXN_1075,U_740,2023-01-13 05:32:11,71.44,"San Diego, CA",0,False,
TXN_1076,U_250,2023-01-22 11:48:46,109.92,"San Antonio, TX",0,False,
TXN_1077,U_710,2023-01-02 17:01:58,58.94,"Chicago, IL",0,False,
TXN_1078,U_445,2023-01-26 12:24:24,41.35,"Chicago, IL",0,False,
TXN_1079,U_980,2023-01-08 22:49:36,9.89,"Chicago, IL",0,False,
TXN_1080,U_751,2023-01-02 08:43:16,112.12,"San Antonio, TX",0,False,
TXN_1081,U_108,2023-01-28 09:24:56,26.48,"San Antonio, TX",0,False,
TXN_1082,U_915,2023-01-19 06:39:19,30.92,"San Antonio, TX",0,False,
TXN_1083,U_772,2023-01-22 09:06:31,100.17,"Chicago, IL",0,False,
TXN_1084,U_724,2023-01-25 15:37:43,81.94,"San Diego, CA",0,False,
TXN_1085,U_203,2023-01-21 06:44:50,28.28,"New York, NY",0,False,
TXN_1086,U_572,2023-01-21 16:05:54,186.84,"San Diego, CA",0,False,
TXN_1087,U_995,2023-01-14 00:48:01,63.87,"Houston, TX",0,False,
TXN_1088,U_819,2023-01-16 18:00:28,17.7,"Houston, TX",0,False,
TXN_1089,U_260,2023-01-25 17:13:39,18.54,"New York, NY",0,False,
TXN_1090,U_376,2023-01-06 13:20:47,73.62,"San Antonio, TX",0,False,
TXN_1091,U_995,2023-01-02 11:39:51,99.6,"Houston, TX",0,False,
TXN_1092,U_500,2023-01-23 01:14:39,47.0,"Houston, TX",0,False,
TXN_1093,U_559,2023-01-02 05:50:50,27.92,"Phoenix, AZ",0,False,
TXN_1094,U_474,2023-01-23 22:58:29,18.99,"Philadelphia, PA",0,False,
TXN_1095,U_137,2023-01-19 18:03:17,29.97,"New York, NY",0,False,
TXN_1096,U_537,2023-01-14 21:09:46,33.49,"Chicago, IL",0,False,
TXN_1097,U_376,2023-01-29 10:33:04,48.01,"Chicago, IL",0,False,
TXN_1098,U_580,2023-01-09 10:45:03,21.48,"Chicago, IL",0,False,
TXN_1099,U_646,2023-01-18 12:58:56,265.61,"Los Angeles, CA",0,False,
TXN_1100,U_257,2023-01-14 02:19:25,128.18,"New York, NY",0,False,
TXN_1101,U_198,2023-01-30 00:57:59,25.08,"Chicago, IL",0,False,
TXN_1102,U_401,2023-01-02 08:01:34,170.69,"Phoenix, AZ",0,False,
TXN_1103,U_215,2023-01-26 00:47:58,23.24,"Chicago, IL",0,False,
TXN_1104,U_260,2023-01-26 15:19:27,38.21,"Los Angeles, CA",0,False,
TXN_1105,U_117,2023-01-08 23:39:04,30.1,"Chicago, IL",0,False,
TXN_1106,U_665,2023-01-17 08:54:26,47.21,"San Antonio, TX",0,False,
TXN_1107,U_891,2023-01-13 04:23:10,235.53,"Chicago, IL",0,False,
TXN_1108,U_738,2023-01-19 07:53:13,109.93,"San Antonio, TX",0,False,
TXN_1109,U_884,2023-01-02 20:07:03,64.7,"Chicago, IL",0,False,
TXN_1110,U_910,2023-01-06 18:34:23,45.24,"New York, NY",0,False,
TXN_1111,U_781,2023-01-27 23:55:14,19.8,"Los Angeles, CA",0,False,
TXN_1112,U_507,2023-01-08 16:27:56,9.26,"Houston, TX",0,False,
TXN_1113,U_924,2023-01-23 01:15:24,15.8,"Houston, TX",0,False,
TXN_1114,U_875,2023-01-15 21:15:25,84.43,"Philadelphia, PA",0,False,
TXN_1115,U_982,2023-01-06 04:43:02,6.4,"San Antonio, TX",0,False,
TXN_1116,U_453,2023-01-12 12:42:41,33.85,"San Antonio, TX",0,False,
TXN_1117,U_953,2023-01-02 09:00:34,36.33,"New York, NY",0,False,
TXN_1118,U_674,2023-01-20 15:56:45,21.88,"New York, NY",0,False,
TXN_1119,U_413,2023-01-03 15:18:17,6.55,"Phoenix, AZ",0,False,
TXN_1120,U_791,2023-01-17 15:35:33,23.07,"San Antonio, TX",0,False,
TXN_1121,U_543,2023-01-24 19:54:12,41.93,"Phoenix, AZ",0,False,
TXN_1122,U_152,2023-01-03 21:50:51,17.16,"Chicago, IL",0,False,
TXN_1123,U_104,2023-01-12 15:04:06,9.46,"Chicago, IL",0,False,
TXN_1124,U_976,2023-01-03 04:36:47,42.9,"Houston, TX",0,False,
TXN_1125,U_146,2023-01-15 14:06:26,55.73,"Phoenix, AZ",0,False,
TXN_1126,U_919,2023-01-14 05:30:52,179.56,"Philadelphia, PA",0,False,
TXN_1127,U_205,2023-01-03 13:54:26,84.28,"Philadelphia, PA",0,False,
TXN_1128,U_930,2023-01-25 14:23:23,73.14,"Phoenix, AZ",0,False,
TXN_1129,U_445,2023-01-03 02:51:02,32.96,"Philadelphia, PA",0,False,
TXN_1130,U_740,2023-01-23 00:13:45,128.38,"Phoenix, AZ",0,False,
TXN_1131,U_850,2023-01-13 01:47:13,18.71,"New York, NY",0,False,
TXN_1132,U_217,2023-01-13 08:50:32,58.97,"New York, NY",0,False,
TXN_1133,U_984,2023-01-29 14:19:44,159.91,"Chicago, IL",0,False,
TXN_1134,U_803,2023-01-07 06:20:52,52.3,"Chicago, IL",0,False,
TXN_1135,U_346,2023-01-26 01:12:47,13.64,"San Antonio, TX",0,False,
TXN_1136,U_185,2023-01-05 02:46:52,179.17,"San Antonio, TX",1,False,
TXN_1137,U_146,2023-01-01 21:53:01,65.81,"San Diego, CA",0,False,
TXN_1138,U_303,2023-01-28 19:33:35,10.15,"San Diego, CA",0,False,
TXN_1139,U_531,2023-01-14 12:55:48,37.07,"Chicago, IL",0,False,
TXN_1140,U_388,2023-01-13 19:41:17,57.46,"Houston, TX",0,False,
TXN_1141,U_861,2023-01-17 07:20:36,113.88,"Philadelphia, PA",0,False,
TXN_1142,U_279,2023-01-30 06:55:26,5.77,"New York, NY",0,False,
TXN_1143,U_758,2023-01-11 06:27:05,39.76,"New York, NY",0,False,
TXN_1144,U_424,2023-01-19 09:27:08,13.89,"New York, NY",0,False,
TXN_1145,U_891,2023-01-27 10:58:23,56.42,"New York, NY",0,False,
TXN_1146,U_596,2023-01-01 13:38:35,49.07,"San Diego, CA",0,False,
TXN_1147,U_574,2023-01-09 08:29:07,47.84,"Philadelphia, PA",0,False,
TXN_1148,U_789,2023-01-07 04:57:06,56.54,"Chicago, IL",0,False,
TXN_1149,U_790,2023-01-17 06:05:30,146.91,"Phoenix, AZ",0,False,
TXN_1150,U_934,2023-01-06 16:24:32,167.45,"Chicago, IL",0,False,
TXN_1151,U_941,2023-01-24 19:02:03,21.01,"Houston, TX",0,False,
TXN_1152,U_111,2023-01-10 13:08:46,28.68,"San Diego, CA",0,False,
TXN_1153,U_352,2023-01-05 11:09:37,62.44,"San Antonio, TX",0,False,
TXN_1154,U_948,2023-01-23 07:55:05,24.21,"San Diego, CA",0,False,
TXN_1155,U_701,2023-01-01 18:19:13,20.1,"Chicago, IL",0,False,
TXN_1156,U_295,2023-01-26 05:31:37,64.66,"Phoenix, AZ",0,False,
TXN_1157,U_592,2023-01-07 04:47:06,628.97,"San Diego, CA",1,False,
TXN_1158,U_828,2023-01-06 23:32:51,14.77,"San Antonio, TX",0,False,
TXN_1159,U_556,2023-01-08 23:58:15,87.21,"Phoenix, AZ",0,False,
TXN_1160,U_788,2023-01-11 01:31:14,31.6,"Chicago, IL",0,False,
TXN_1161,U_195,2023-01-05 15:16:13,46.26,"Chicago, IL",0,False,
TXN_1162,U_879,2023-01-15 01:44:16,61.95,"Los Angeles, CA",0,False,
TXN_1163,U_378,2023-01-30 01:42:00,28.72,"Houston, TX",0,False,
TXN_1164,U_980,2023-01-19 08:54:21,39.31,"Chicago, IL",0,False,
TXN_1165,U_828,2023-01-01 18:23:54,10.27,"Phoenix, AZ",0,False,
TXN_1166,U_711,2023-01-05 17:53:15,164.15,"Philadelphia, PA",0,False,
TXN_1167,U_175,2023-01-21 12:43:52,24.23,"San Antonio, TX",0,False,
TXN_1168,U_817,2023-01-01 14:25:34,155.4,"San Diego, CA",0,False,
TXN_1169,U_950,2023-01-01 01:31:26,177.35,"Los Angeles, CA",1,False,
TXN_1170,U_198,2023-01-27 19:42:16,45.34,"New York, NY",0,False,
TXN_1171,U_568,2023-01-21 22:44:51,151.12,"Phoenix, AZ",0,False,
TXN_1172,U_243,2023-01-28 14:54:48,11.02,"Philadelphia, PA",0,False,
TXN_1173,U_792,2023-01-14 21:39:53,187.96,"Los Angeles, CA",0,False,
TXN_1174,U_497,2023-01-11 07:04:25,34.13,"Chicago, IL",0,False,
TXN_1175,U_314,2023-01-01 20:41:00,26.61,"Chicago, IL",0,False,
TXN_1176,U_757,2023-01-21 13:23:23,63.24,"Phoenix, AZ",0,False,
TXN_1177,U_591,2023-01-27 16:21:16,96.16,"Los Angeles, CA",0,False,
TXN_1178,U_273,2023-01-25 17:23:53,30.26,"New York, NY",0,False,
TXN_1179,U_894,2023-01-10 07:44:57,12.93,"San Antonio, TX",0,False,
TXN_1180,U_128,2023-01-16 11:34:42,48.53,"New York, NY",0,False,
TXN_1181,U_464,2023-01-27 02:17:36,111.16,"Chicago, IL",0,False,
TXN_1182,U_756,2023-01-24 05:19:02,218.44,"New York, NY",0,False,
TXN_1183,U_231,2023-01-15 01:39:17,66.58,"San Diego, CA",0,False,
TXN_1184,U_886,2023-01-03 21:04:43,45.87,"Philadelphia, PA",0,False,
TXN_1185,U_190,2023-01-06 04:32:25,25.04,"Chicago, IL",0,False,
TXN_1186,U_225,2023-01-22 18:04:50,19.63,"Chicago, IL",0,False,
TXN_1187,U_853,2023-01-10 03:29:01,7.9,"Chicago, IL",0,False,
TXN_1188,U_575,2023-01-30 11:49:27,11.25,"New York, NY",0,False,
TXN_1189,U_460,2023-01-04 12:44:22,73.53,"Houston, TX",0,False,
TXN_1190,U_447,2023-01-13 20:23:25,30.56,"San Diego, CA",0,False,
TXN_1191,U_607,2023-01-28 15:08:32,9.33,"Phoenix, AZ",0,False,
TXN_1192,U_216,2023-01-17 11:59:01,86.0,"New York, NY",0,False,
TXN_1193,U_784,2023-01-08 13:39:43,45.6,"Philadelphia, PA",0,False,
TXN_1194,U_914,2023-01-26 18:08:20,7.22,"Los Angeles, CA",0,False,
TXN_1195,U_312,2023-01-09 11:18:19,8.83,"Houston, TX",0,False,
TXN_1196,U_326,2023-01-05 21:39:30,179.18,"Philadelphia, PA",0,False,
TXN_1197,U_501,2023-01-10 22:22:38,54.63,"San Diego, CA",0,False,
TXN_1198,U_625,2023-01-28 06:32:46,35.31,"Phoenix, AZ",0,False,
TXN_1199,U_472,2023-01-17 09:37:57,29.24,"Los Angeles, CA",0,False,
TXN_1200,U_570,2023-01-27 01:45:28,128.41,"San Antonio, TX",0,False,
TXN_1201,U_429,2023-01-11 17:54:39,7.98,"Chicago, IL",0,False,
TXN_1202,U_457,2023-01-29 18:19:55,10.64,"Houston, TX",0,False,
TXN_1203,U_472,2023-01-02 20:39:35,14.3,"Phoenix, AZ",0,False,
TXN_1204,U_775,2023-01-29 11:41:59,26.8,"Houston, TX",0,False,
TXN_1205,U_277,2023-01-16 13:20:27,9.05,"New York, NY",0,False,
TXN_1206,U_140,2023-01-10 03:47:47,219.19,"Los Angeles, CA",0,False,
TXN_1207,U_601,2023-01-05 10:38:54,43.4,"Philadelphia, PA",0,False,
TXN_1208,U_823,2023-01-13 01:41:32,719.72,"New York, NY",1,False,
TXN_1209,U_646,2023-01-14 12:03:08,146.12,"San Antonio, TX",0,False,
TXN_1210,U_982,2023-01-07 15:21:35,48.51,"San Antonio, TX",0,False,
TXN_1211,U_549,2023-01-06 12:46:47,109.64,"San Diego, CA",0,False,
TXN_1212,U_350,2023-01-15 18:05:32,14.01,"Philadelphia, PA",0,False,
TXN_1213,U_900,2023-01-13 20:26:29,88.18,"Philadelphia, PA",0,False,
TXN_1214,U_323,2023-01-02 07:20:16,28.64,"San Diego, CA",0,False,
TXN_1215,U_381,2023-01-02 13:33:50,29.96,"Los Angeles, CA",0,False,
TXN_1216,U_926,2023-01-17 00:13:14,47.09,"Los Angeles, CA",0,False,
TXN_1217,U_709,2023-01-04 03:14:06,20.97,"San Antonio, TX",0,False,
TXN_1218,U_922,2023-01-24 02:14:29,63.84,"Phoenix, AZ",0,False,
TXN_1219,U_808,2023-01-27 23:55:17,127.19,"San Antonio, TX",0,False,
TXN_1220,U_122,2023-01-22 12:15:32,69.75,"San Antonio, TX",0,False,
TXN_1221,U_813,2023-01-02 21:21:13,28.73,"Chicago, IL",0,False,
TXN_1222,U_184,2023-01-18 08:09:49,16.47,"New York, NY",0,False,
TXN_1223,U_100,2023-01-16 19:04:12,51.59,"Chicago, IL",0,False,
TXN_1224,U_545,2023-01-15 11:08:48,60.69,"Houston, TX",0,False,
TXN_1225,U_899,2023-01-02 01:36:33,198.17,"New York, NY",1,False,
TXN_1226,U_650,2023-01-06 21:09:13,41.73,"Houston, TX",0,False,
TXN_1227,U_217,2023-01-16 17:57:22,41.72,"San Diego, CA",0,False,
TXN_1228,U_367,2023-01-08 09:47:33,177.06,"New York, NY",0,False,
TXN_1229,U_833,2023-01-09 01:56:08,49.57,"Phoenix, AZ",0,False,
TXN_1230,U_866,2023-01-23 23:37:18,360.28,"Philadelphia, PA",1,False,
TXN_1231,U_952,2023-01-18 18:07:06,16.97,"New York, NY",0,False,
TXN_1232,U_521,2023-01-04 18:55:59,5.73,"Houston, TX",0,False,
TXN_1233,U_905,2023-01-04 16:12:17,55.62,"Philadelphia, PA",0,False,
TXN_1234,U_434,2023-01-10 00:52:02,122.25,"New York, NY",0,False,
TXN_1235,U_407,2023-01-29 09:35:52,41.08,"Houston, TX",0,False,
TXN_1236,U_434,2023-01-03 21:41:15,22.69,"Chicago, IL",0,False,
TXN_1237,U_205,2023-01-03 22:24:50,64.81,"Los Angeles, CA",0,False,
TXN_1238,U_896,2023-01-30 06:49:39,35.75,"Los Angeles, CA",0,False,
TXN_1239,U_500,2023-01-19 01:08:32,187.94,"Phoenix, AZ",1,False,
TXN_1240,U_645,2023-01-22 09:43:16,26.34,"Los Angeles, CA",0,False,
TXN_1241,U_225,2023-01-30 05:55:54,48.33,"Los Angeles, CA",0,False,
TXN_1242,U_982,2023-01-08 15:46:54,11.9,"Phoenix, AZ",0,False,
TXN_1243,U_282,2023-01-27 14:53:18,30.57,"San Diego, CA",0,False,
TXN_1244,U_619,2023-01-19 21:05:07,15.04,"San Antonio, TX",0,False,
TXN_1245,U_795,2023-01-27 06:24:24,118.55,"Phoenix, AZ",0,False,
TXN_1246,U_294,2023-01-30 05:03:22,60.06,"San Diego, CA",0,False,
TXN_1247,U_160,2023-01-11 18:00:18,7.09,"San Diego, CA",0,False,
TXN_1248,U_104,2023-01-18 16:48:17,21.33,"San Antonio, TX",0,False,
TXN_1249,U_928,2023-01-28 13:45:57,9.64,"Houston, TX",0,False,
TXN_1250,U_612,2023-01-13 02:52:52,35.88,"San Antonio, TX",0,False,
TXN_1251,U_445,2023-01-01 14:22:25,11.89,"Los Angeles, CA",0,False,
TXN_1252,U_829,2023-01-15 14:24:26,7.01,"Chicago, IL",0,False,
TXN_1253,U_348,2023-01-15 03:41:09,9.26,"Phoenix, AZ",0,False,
TXN_1254,U_449,2023-01-17 13:05:51,8.15,"San Antonio, TX",0,False,
TXN_1255,U_125,2023-01-07 19:29:39,87.05,"San Antonio, TX",0,False,
TXN_1256,U_724,2023-01-30 17:54:42,15.2,"New York, NY",0,False,
TXN_1257,U_818,2023-01-23 18:13:02,28.14,"New York, NY",0,False,
TXN_1258,U_825,2023-01-05 12:13:13,76.35,"Los Angeles, CA",0,False,
TXN_1259,U_177,2023-01-20 21:58:04,8.22,"Los Angeles, CA",0,False,
TXN_1260,U_798,2023-01-25 01:13:27,12.14,"New York, NY",0,False,
TXN_1261,U_102,2023-01-30 11:13:46,42.98,"San Diego, CA",0,False,
TXN_1262,U_373,2023-01-08 07:04:25,26.86,"San Antonio, TX",0,False,
TXN_1263,U_982,2023-01-15 01:38:22,10.54,"Houston, TX",0,False,
TXN_1264,U_730,2023-01-17 10:56:36,15.06,"San Diego, CA",0,False,
TXN_1265,U_138,2023-01-26 09:03:34,9.67,"San Antonio, TX",0,False,
TXN_1266,U_225,2023-01-08 15:02:36,50.02,"Chicago, IL",0,False,
TXN_1267,U_679,2023-01-06 09:43:30,57.32,"New York, NY",0,False,
TXN_1268,U_245,2023-01-01 07:25:34,48.88,"Chicago, IL",0,False,
TXN_1269,U_569,2023-01-07 05:13:18,73.41,"San Diego, CA",0,False,
TXN_1270,U_468,2023-01-01 06:27:55,11.82,"San Diego, CA",0,False,
TXN_1271,U_524,2023-01-27 11:37:08,27.56,"New York, NY",0,False,
TXN_1272,U_381,2023-01-07 15:05:35,47.29,"Houston, TX",0,False,
TXN_1273,U_414,2023-01-10 07:14:52,25.05,"Chicago, IL",0,False,
TXN_1274,U_476,2023-01-11 22:26:29,17.77,"New York, NY",0,False,
TXN_1275,U_681,2023-01-26 02:37:35,13.76,"Houston, TX",0,False,
TXN_1276,U_942,2023-01-10 23:35:57,14.52,"San Diego, CA",0,False,
TXN_1277,U_922,2023-01-26 16:59:52,9.18,"Los Angeles, CA",0,False,
TXN_1278,U_342,2023-01-12 23:00:55,64.69,"San Antonio, TX",0,False,
TXN_1279,U_322,2023-01-07 06:11:17,30.36,"Phoenix, AZ",0,False,
TXN_1280,U_831,2023-01-21 01:18:02,105.31,"Houston, TX",0,False,
TXN_1281,U_745,2023-01-23 18:09:57,19.91,"Los Angeles, CA",0,False,
TXN_1282,U_603,2023-01-12 22:08:37,60.23,"San Antonio, TX",0,False,
TXN_1283,U_540,2023-01-07 01:52:14,43.29,"Los Angeles, CA",0,False,
TXN_1284,U_125,2023-01-26 20:44:53,177.09,"Los Angeles, CA",0,False,
TXN_1285,U_935,2023-01-15 07:48:35,40.42,"Los Angeles, CA",0,False,
TXN_1286,U_212,2023-01-28 00:00:11,11.1,"Los Angeles, CA",0,False,
TXN_1287,U_189,2023-01-11 00:15:09,22.03,"New York, NY",0,False,
TXN_1288,U_904,2023-01-13 03:48:13,980.38,"Phoenix, AZ",1,False,
TXN_1289,U_944,2023-01-19 00:55:06,50.06,"Houston, TX",0,False,
TXN_1290,U_789,2023-01-09 06:32:23,12.22,"Los Angeles, CA",0,False,
TXN_1291,U_749,2023-01-28 18:25:05,24.46,"Houston, TX",0,False,
TXN_1292,U_741,2023-01-08 14:25:02,62.21,"Chicago, IL",0,False,
TXN_1293,U_884,2023-01-25 02:46:32,50.27,"San Antonio, TX",0,False,
TXN_1294,U_649,2023-01-18 02:34:10,26.45,"Phoenix, AZ",0,False,
TXN_1295,U_916,2023-01-08 00:50:12,93.78,"Houston, TX",0,False,
TXN_1296,U_335,2023-01-16 16:00:49,11.64,"Los Angeles, CA",0,False,
TXN_1297,U_475,2023-01-29 06:50:51,28.84,"Los Angeles, CA",0,False,
TXN_1298,U_612,2023-01-13 15:28:21,7.46,"San Antonio, TX",0,False,
TXN_1299,U_448,2023-01-07 03:51:35,93.0,"New York, NY",0,False,
TXN_1300,U_328,2023-01-23 15:21:49,85.36,"Phoenix, AZ",0,False,
TXN_1301,U_390,2023-01-11 02:32:52,15.31,"New York, NY",0,False,
TXN_1302,U_950,2023-01-08 20:41:30,55.22,"Chicago, IL",0,False,
TXN_1303,U_673,2023-01-22 11:26:59,24.0,"Philadelphia, PA",0,False,
TXN_1304,U_141,2023-01-19 03:18:41,89.8,"Chicago, IL",0,False,
TXN_1305,U_394,2023-01-13 14:18:07,36.06,"New York, NY",0,False,
TXN_1306,U_521,2023-01-27 19:08:06,33.88,"San Diego, CA",0,False,
TXN_1307,U_764,2023-01-08 23:29:36,29.84,"New York, NY",0,False,
TXN_1308,U_920,2023-01-12 00:59:19,18.0,"Chicago, IL",0,False,
TXN_1309,U_138,2023-01-19 20:09:41,25.23,"Philadelphia, PA",0,False,
TXN_1310,U_278,2023-01-18 19:23:21,12.5,"Houston, TX",0,False,
TXN_1311,U_114,2023-01-16 05:35:28,43.12,"San Diego, CA",0,False,
TXN_1312,U_330,2023-01-26 09:57:55,848.58,"Houston, TX",1,False,
TXN_1313,U_196,2023-01-22 23:38:12,80.38,"San Antonio, TX",0,False,
TXN_1314,U_388,2023-01-17 08:53:17,16.44,"Houston, TX",0,False,
TXN_1315,U_933,2023-01-15 03:52:00,10.43,"Philadelphia, PA",0,False,
TXN_1316,U_258,2023-01-27 14:55:19,51.31,"Philadelphia, PA",0,False,
TXN_1317,U_114,2023-01-21 21:31:08,43.81,"Houston, TX",0,False,
TXN_1318,U_256,2023-01-29 11:28:11,78.89,"San Antonio, TX",0,False,
TXN_1319,U_510,2023-01-26 23:31:42,50.62,"New York, NY",0,False,
TXN_1320,U_391,2023-01-18 20:01:29,19.5,"San Diego, CA",0,False,
TXN_1321,U_168,2023-01-05 11:52:29,124.54,"San Diego, CA",0,False,
TXN_1322,U_649,2023-01-23 21:44:39,32.55,"San Diego, CA",0,False,
TXN_1323,U_445,2023-01-01 21:07:57,52.72,"Houston, TX",0,False,
TXN_1324,U_317,2023-01-15 12:46:04,12.49,"New York, NY",0,False,
TXN_1325,U_309,2023-01-07 06:27:36,19.79,"Los Angeles, CA",0,False,
TXN_1326,U_715,2023-01-03 15:56:43,49.94,"Phoenix, AZ",0,False,
TXN_1327,U_455,2023-01-18 23:35:31,83.05,"San Diego, CA",0,False,
TXN_1328,U_904,2023-01-11 07:24:55,57.69,"Philadelphia, PA",0,False,
TXN_1329,U_703,2023-01-21 11:27:26,51.66,"Phoenix, AZ",0,False,
TXN_1330,U_150,2023-01-06 18:31:56,10.5,"San Antonio, TX",0,False,
TXN_1331,U_396,2023-01-27 08:15:06,34.97,"Phoenix, AZ",0,False,
TXN_1332,U_913,2023-01-28 13:30:12,214.46,"San Antonio, TX",0,False,
TXN_1333,U_721,2023-01-29 16:03:34,131.82,"San Antonio, TX",0,False,
TXN_1334,U_930,2023-01-15 02:04:38,17.9,"San Antonio, TX",0,False,
TXN_1335,U_760,2023-01-20 20:33:50,7.82,"San Antonio, TX",0,False,
TXN_1336,U_236,2023-01-25 22:31:37,86.19,"Phoenix, AZ",0,False,
TXN_1337,U_216,2023-01-11 05:39:37,25.29,"Chicago, IL",0,False,
TXN_1338,U_674,2023-01-22 23:25:39,43.54,"New York, NY",0,False,
TXN_1339,U_174,2023-01-06 09:38:45,26.26,"San Diego, CA",0,False,
TXN_1340,U_309,2023-01-19 07:18:50,71.88,"Houston, TX",0,False,
TXN_1341,U_628,2023-01-08 15:55:43,17.72,"San Diego, CA",0,False,
TXN_1342,U_975,2023-01-12 12:48:50,19.27,"Chicago, IL",0,False,
TXN_1343,U_124,2023-01-16 22:50:46,14.05,"Houston, TX",0,False,
TXN_1344,U_600,2023-01-05 10:25:52,80.82,"San Diego, CA",0,False,
TXN_1345,U_761,2023-01-19 10:12:41,5.66,"San Diego, CA",0,False,
TXN_1346,U_568,2023-01-27 02:38:40,14.8,"Houston, TX",0,False,
TXN_1347,U_183,2023-01-01 05:30:16,13.05,"San Diego, CA",0,False,
TXN_1348,U_729,2023-01-14 22:36:05,9.46,"Houston, TX",0,False,
TXN_1349,U_800,2023-01-13 00:34:56,22.8,"Chicago, IL",0,False,
TXN_1350,U_835,2023-01-02 13:05:54,16.78,"Houston, TX",0,False,
TXN_1351,U_822,2023-01-04 01:23:43,36.58,"Los Angeles, CA",0,False,
TXN_1352,U_404,2023-01-21 17:19:40,28.72,"Phoenix, AZ",0,False,
TXN_1353,U_243,2023-01-20 06:54:31,917.27,"San Antonio, TX",1,False,
TXN_1354,U_689,2023-01-10 13:04:50,35.19,"Houston, TX",0,False,
TXN_1355,U_293,2023-01-14 17:31:33,34.06,"San Diego, CA",0,False,
TXN_1356,U_213,2023-01-04 11:31:49,77.48,"Houston, TX",0,False,
TXN_1357,U_743,2023-01-15 07:00:16,25.35,"Houston, TX",0,False,
TXN_1358,U_154,2023-01-16 17:38:10,28.37,"San Diego, CA",0,False,
TXN_1359,U_557,2023-01-23 02:43:57,42.39,"New York, NY",0,False,
TXN_1360,U_186,2023-01-21 16:05:10,13.49,"San Antonio, TX",0,False,
TXN_1361,U_277,2023-01-15 12:56:22,19.64,"San Antonio, TX",0,False,
TXN_1362,U_542,2023-01-09 21:54:04,50.2,"Los Angeles, CA",0,False,
TXN_1363,U_860,2023-01-06 12:54:06,47.13,"Chicago, IL",0,False,
TXN_1364,U_150,2023-01-21 00:01:36,45.68,"San Antonio, TX",0,False,
TXN_1365,U_363,2023-01-01 09:41:51,229.28,"Phoenix, AZ",0,False,
TXN_1366,U_387,2023-01-12 07:40:39,87.21,"New York, NY",0,False,
TXN_1367,U_551,2023-01-04 16:01:55,60.14,"Phoenix, AZ",0,False,
TXN_1368,U_568,2023-01-08 01:46:53,22.35,"New York, NY",0,False,
TXN_1369,U_106,2023-01-22 06:57:13,9.47,"San Diego, CA",0,False,
TXN_1370,U_250,2023-01-24 10:56:20,6.34,"Phoenix, AZ",0,False,
TXN_1371,U_480,2023-01-24 05:45:54,48.74,"Phoenix, AZ",0,False,
TXN_1372,U_799,2023-01-05 15:38:41,125.75,"Phoenix, AZ",0,False,
TXN_1373,U_808,2023-01-02 00:25:55,510.46,"New York, NY",1,False,
TXN_1374,U_806,2023-01-23 10:17:58,6.74,"San Antonio, TX",0,False,
TXN_1375,U_631,2023-01-07 05:41:24,26.17,"Houston, TX",0,False,
TXN_1376,U_355,2023-01-15 09:14:05,27.53,"San Antonio, TX",0,False,
TXN_1377,U_152,2023-01-26 20:55:07,17.39,"New York, NY",0,False,
TXN_1378,U_605,2023-01-23 23:04:11,12.55,"New York, NY",0,False,
TXN_1379,U_813,2023-01-18 05:54:37,38.42,"Houston, TX",0,False,
TXN_1380,U_826,2023-01-03 12:20:15,996.05,"San Antonio, TX",1,False,
TXN_1381,U_214,2023-01-07 02:21:01,72.68,"San Antonio, TX",0,False,
TXN_1382,U_336,2023-01-11 06:07:20,19.91,"Chicago, IL",0,False,
TXN_1383,U_857,2023-01-26 23:51:49,95.07,"San Diego, CA",0,False,
TXN_1384,U_103,2023-01-22 21:16:09,42.29,"San Diego, CA",0,False,
TXN_1385,U_208,2023-01-29 04:03:48,250.93,"San Antonio, TX",1,False,
TXN_1386,U_227,2023-01-29 00:22:44,89.38,"New York, NY",0,False,
TXN_1387,U_140,2023-01-24 05:13:52,30.98,"Philadelphia, PA",0,False,
TXN_1388,U_477,2023-01-24 15:54:51,16.56,"New York, NY",0,False,
TXN_1389,U_973,2023-01-19 09:33:09,12.36,"New York, NY",0,False,
TXN_1390,U_924,2023-01-15 04:41:16,59.69,"San Antonio, TX",0,False,
TXN_1391,U_554,2023-01-03 14:15:37,127.91,"New York, NY",0,False,
TXN_1392,U_575,2023-01-21 01:28:29,41.59,"Phoenix, AZ",0,False,
TXN_1393,U_675,2023-01-18 16:25:37,14.09,"Philadelphia, PA",0,False,
TXN_1394,U_462,2023-01-25 12:25:24,51.21,"Los Angeles, CA",0,False,
TXN_1395,U_893,2023-01-09 04:46:02,22.03,"Houston, TX",0,False,
TXN_1396,U_611,2023-01-24 14:13:55,68.48,"Houston, TX",0,False,
TXN_1397,U_906,2023-01-03 15:21:11,46.78,"Philadelphia, PA",0,False,
TXN_1398,U_197,2023-01-09 04:51:02,59.48,"San Diego, CA",0,False,
TXN_1399,U_857,2023-01-12 17:08:37,70.95,"Phoenix, AZ",0,False,
TXN_1400,U_388,2023-01-19 21:19:53,6.58,"Philadelphia, PA",0,False,
TXN_1401,U_247,2023-01-18 11:11:30,97.11,"Chicago, IL",0,False,
TXN_1402,U_948,2023-01-14 13:06:05,160.32,"Chicago, IL",0,False,
TXN_1403,U_581,2023-01-15 04:49:12,78.68,"Chicago, IL",0,False,
TXN_1404,U_600,2023-01-19 14:21:12,66.03,"San Diego, CA",0,False,
TXN_1405,U_715,2023-01-13 18:38:33,35.78,"Chicago, IL",0,False,
TXN_1406,U_902,2023-01-30 05:13:08,5.12,"Phoenix, AZ",0,False,
TXN_1407,U_534,2023-01-19 10:37:25,49.61,"Chicago, IL",0,False,
TXN_1408,U_374,2023-01-08 03:07:16,9.8,"New York, NY",0,False,
TXN_1409,U_916,2023-01-05 23:09:48,83.04,"Houston, TX",0,False,
TXN_1410,U_668,2023-01-28 23:13:50,9.53,"Los Angeles, CA",0,False,
TXN_1411,U_691,2023-01-29 19:51:46,70.88,"New York, NY",0,False,
TXN_1412,U_760,2023-01-13 06:25:20,58.76,"New York, NY",0,False,
TXN_1413,U_473,2023-01-26 11:49:35,99.59,"Los Angeles, CA",0,False,
TXN_1414,U_636,2023-01-03 03:53:53,38.61,"Los Angeles, CA",0,False,
TXN_1415,U_754,2023-01-19 01:27:53,7.65,"New York, NY",0,False,
TXN_1416,U_637,2023-01-19 02:38:38,7.26,"Phoenix, AZ",0,False,
TXN_1417,U_115,2023-01-23 01:15:50,372.2,"Philadelphia, PA",0,False,
TXN_1418,U_893,2023-01-28 22:59:32,37.05,"Houston, TX",0,False,
TXN_1419,U_490,2023-01-21 03:38:54,64.77,"San Antonio, TX",0,False,
TXN_1420,U_236,2023-01-11 17:57:06,134.11,"Houston, TX",0,False,
TXN_1421,U_597,2023-01-21 21:02:20,37.14,"Houston, TX",0,False,
TXN_1422,U_471,2023-01-04 06:12:50,24.22,"Chicago, IL",0,False,
TXN_1423,U_589,2023-01-01 18:22:30,6.89,"San Diego, CA",0,False,
TXN_1424,U_258,2023-01-22 20:16:23,18.07,"New York, NY",0,False,
TXN_1425,U_287,2023-01-30 11:38:20,9.0,"San Diego, CA",0,False,
TXN_1426,U_904,2023-01-02 13:14:15,34.08,"Phoenix, AZ",0,False,
TXN_1427,U_463,2023-01-09 01:25:58,23.94,"Chicago, IL",0,False,
TXN_1428,U_596,2023-01-16 16:27:47,83.2,"New York, NY",0,False,
TXN_1429,U_496,2023-01-12 17:02:07,32.83,"San Diego, CA",0,False,
TXN_1430,U_207,2023-01-27 17:23:09,32.02,"Chicago, IL",0,False,
TXN_1431,U_838,2023-01-06 07:34:57,6.07,"San Diego, CA",0,False,
TXN_1432,U_858,2023-01-09 16:34:25,144.9,"Houston, TX",0,False,
TXN_1433,U_838,2023-01-07 06:10:59,7.71,"New York, NY",0,False,
TXN_1434,U_576,2023-01-25 05:29:33,37.68,"Los Angeles, CA",0,False,
TXN_1435,U_796,2023-01-11 01:42:03,212.02,"Chicago, IL",0,False,
TXN_1436,U_365,2023-01-22 12:33:02,32.35,"Chicago, IL",0,False,
TXN_1437,U_488,2023-01-25 15:38:05,5.17,"San Antonio, TX",0,False,
TXN_1438,U_528,2023-01-07 11:03:41,22.62,"San Diego, CA",0,False,
TXN_1439,U_423,2023-01-11 09:43:25,580.47,"San Diego, CA",1,False,
TXN_1440,U_804,2023-01-10 02:08:52,225.0,"New York, NY",0,False,
TXN_1441,U_684,2023-01-05 14:28:30,29.25,"Philadelphia, PA",0,False,
TXN_1442,U_443,2023-01-21 14:03:47,17.31,"Philadelphia, PA",0,False,
TXN_1443,U_904,2023-01-11 13:10:20,19.99,"Los Angeles, CA",0,False,
TXN_1444,U_479,2023-01-30 06:12:21,206.8,"New York, NY",0,False,
TXN_1445,U_418,2023-01-20 16:32:45,50.91,"Los Angeles, CA",0,False,
TXN_1446,U_161,2023-01-07 11:15:24,231.34,"Philadelphia, PA",0,False,
TXN_1447,U_810,2023-01-27 12:13:55,18.18,"Philadelphia, PA",0,False,
TXN_1448,U_759,2023-01-12 13:29:34,18.11,"Los Angeles, CA",0,False,
TXN_1449,U_342,2023-01-12 00:21:01,18.11,"Houston, TX",0,False,
TXN_1450,U_325,2023-01-15 23:46:00,17.45,"Houston, TX",0,False,
TXN_1451,U_852,2023-01-12 21:09:13,953.61,"San Diego, CA",1,False,
TXN_1452,U_616,2023-01-12 05:00:52,54.68,"San Diego, CA",0,False,
TXN_1453,U_826,2023-01-01 21:21:38,50.47,"Philadelphia, PA",0,False,
TXN_1454,U_852,2023-01-04 08:05:16,20.07,"Chicago, IL",0,False,
TXN_1455,U_518,2023-01-22 04:12:33,38.78,"Philadelphia, PA",0,False,
TXN_1456,U_244,2023-01-29 14:42:31,118.86,"Chicago, IL",0,False,
TXN_1457,U_838,2023-01-10 04:28:39,73.89,"Los Angeles, CA",0,False,
TXN_1458,U_188,2023-01-09 06:38:00,117.65,"Chicago, IL",0,False,
TXN_1459,U_456,2023-01-20 22:13:30,109.97,"Chicago, IL",0,False,
TXN_1460,U_422,2023-01-25 18:39:54,11.94,"Houston, TX",0,False,
TXN_1461,U_748,2023-01-22 10:36:50,160.78,"San Antonio, TX",0,False,
TXN_1462,U_431,2023-01-14 05:29:13,87.91,"Houston, TX",0,False,
TXN_1463,U_139,2023-01-04 18:48:36,71.44,"Philadelphia, PA",0,False,
TXN_1464,U_325,2023-01-13 10:22:15,19.56,"New York, NY",0,False,
TXN_1465,U_137,2023-01-20 23:21:30,69.26,"Phoenix, AZ",0,False,
TXN_1466,U_701,2023-01-19 16:32:17,9.23,"San Diego, CA",0,False,
TXN_1467,U_415,2023-01-05 15:58:39,62.48,"Houston, TX",0,False,
TXN_1468,U_692,2023-01-02 10:59:51,112.24,"Phoenix, AZ",0,False,
TXN_1469,U_417,2023-01-14 02:37:38,92.06,"Philadelphia, PA",0,False,
TXN_1470,U_667,2023-01-01 03:08:23,61.66,"Philadelphia, PA",0,False,
TXN_1471,U_958,2023-01-12 16:26:52,20.53,"New York, NY",0,False,
TXN_1472,U_361,2023-01-28 09:23:30,297.31,"San Antonio, TX",1,False,
TXN_1473,U_452,2023-01-06 16:07:22,105.98,"Chicago, IL",0,False,
TXN_1474,U_780,2023-01-02 05:13:48,95.7,"Los Angeles, CA",0,False,
TXN_1475,U_444,2023-01-21 00:37:08,61.99,"Houston, TX",0,False,
TXN_1476,U_290,2023-01-20 23:34:30,111.7,"San Antonio, TX",0,False,
TXN_1477,U_656,2023-01-09 05:07:42,92.38,"San Diego, CA",0,False,
TXN_1478,U_493,2023-01-08 20:24:10,17.98,"New York, NY",0,False,
TXN_1479,U_650,2023-01-08 03:15:29,90.18,"San Diego, CA",0,False,
TXN_1480,U_817,2023-01-27 04:08:06,15.73,"San Antonio, TX",0,False,
TXN_1481,U_624,2023-01-14 00:13:14,203.66,"Houston, TX",0,False,
TXN_1482,U_116,2023-01-02 21:17:18,28.64,"Los Angeles, CA",0,False,
TXN_1483,U_547,2023-01-16 21:49:32,80.67,"Houston, TX",0,False,
TXN_1484,U_425,2023-01-07 22:48:50,76.57,"Phoenix, AZ",0,False,
TXN_1485,U_685,2023-01-30 20:00:40,169.83,"San Antonio, TX",0,False,
TXN_1486,U_930,2023-01-28 07:45:31,55.07,"Houston, TX",0,False,
TXN_1487,U_321,2023-01-20 04:11:11,501.67,"Philadelphia, PA",1,False,
TXN_1488,U_830,2023-01-18 23:50:23,66.58,"Los Angeles, CA",0,False,
TXN_1489,U_500,2023-01-07 22:04:57,37.08,"San Antonio, TX",0,False,
TXN_1490,U_121,2023-01-24 15:29:59,7.34,"Phoenix, AZ",0,False,
TXN_1491,U_405,2023-01-14 11:19:10,178.49,"New York, NY",0,False,
TXN_1492,U_775,2023-01-06 14:28:10,11.97,"Chicago, IL",0,False,
TXN_1493,U_480,2023-01-09 14:13:26,140.39,"Los Angeles, CA",1,False,
TXN_1494,U_745,2023-01-18 23:48:30,90.4,"Houston, TX",0,False,
TXN_1495,U_558,2023-01-03 15:08:06,34.52,"Chicago, IL",0,False,
TXN_1496,U_529,2023-01-03 16:38:52,149.39,"New York, NY",0,False,
TXN_1497,U_198,2023-01-11 16:40:44,101.28,"Los Angeles, CA",0,False,
TXN_1498,U_370,2023-01-17 01:10:52,22.72,"Philadelphia, PA",0,False,
TXN_1499,U_899,2023-01-18 09:18:57,79.1,"Chicago, IL",0,False,
TXN_1500,U_183,2023-01-11 15:43:17,12.04,"New York, NY",0,False,
TXN_1501,U_806,2023-01-18 04:50:05,13.19,"Philadelphia, PA",0,False,
TXN_1502,U_703,2023-01-13 18:04:04,125.13,"Chicago, IL",0,False,
TXN_1503,U_968,2023-01-07 15:13:09,76.38,"Los Angeles, CA",0,False,
TXN_1504,U_552,2023-01-29 19:01:22,23.69,"Houston, TX",0,False,
TXN_1505,U_669,2023-01-28 01:38:03,69.44,"Los Angeles, CA",0,False,
TXN_1506,U_261,2023-01-11 15:24:44,16.18,"Phoenix, AZ",0,False,
TXN_1507,U_892,2023-01-04 23:47:35,27.98,"Philadelphia, PA",0,False,
TXN_1508,U_370,2023-01-28 12:32:15,44.18,"Philadelphia, PA",0,False,
TXN_1509,U_159,2023-01-29 15:29:28,106.48,"Chicago, IL",0,False,
TXN_1510,U_408,2023-01-17 18:55:03,78.68,"San Diego, CA",0,False,
TXN_1511,U_785,2023-01-05 00:34:57,76.57,"Houston, TX",0,False,
TXN_1512,U_486,2023-01-20 03:55:43,22.42,"Philadelphia, PA",0,False,
TXN_1513,U_635,2023-01-22 20:11:46,15.26,"Houston, TX",0,False,
TXN_1514,U_626,2023-01-04 19:55:04,5.06,"Phoenix, AZ",0,False,
TXN_1515,U_554,2023-01-10 05:39:28,51.74,"Phoenix, AZ",0,False,
TXN_1516,U_951,2023-01-17 09:00:21,17.78,"Chicago, IL",0,False,
TXN_1517,U_930,2023-01-08 13:40:37,48.61,"Phoenix, AZ",0,False,
TXN_1518,U_216,2023-01-21 21:17:53,84.87,"San Antonio, TX",0,False,
TXN_1519,U_494,2023-01-08 01:26:36,13.1,"New York, NY",0,False,
TXN_1520,U_888,2023-01-10 00:15:13,62.04,"San Diego, CA",0,False,
TXN_1521,U_437,2023-01-23 04:51:57,188.85,"Phoenix, AZ",0,False,
TXN_1522,U_265,2023-01-12 02:26:32,103.35,"San Diego, CA",0,False,
TXN_1523,U_201,2023-01-30 10:23:36,7.02,"New York, NY",0,False,
TXN_1524,U_313,2023-01-07 20:53:06,10.54,"Philadelphia, PA",0,False,
TXN_1525,U_500,2023-01-13 14:14:35,220.86,"New York, NY",0,False,
TXN_1526,U_771,2023-01-20 07:40:11,65.61,"Houston, TX",0,False,
TXN_1527,U_813,2023-01-21 14:03:19,5.49,"San Diego, CA",0,False,
TXN_1528,U_964,2023-01-07 15:17:21,43.2,"Los Angeles, CA",0,False,
TXN_1529,U_844,2023-01-03 00:54:36,9.31,"San Diego, CA",0,False,
TXN_1530,U_688,2023-01-23 13:02:43,27.14,"New York, NY",0,False,
TXN_1531,U_202,2023-01-08 20:32:38,16.21,"Houston, TX",0,False,
TXN_1532,U_221,2023-01-08 12:56:46,16.17,"San Diego, CA",0,False,
TXN_1533,U_986,2023-01-24 01:04:43,10.52,"New York, NY",0,False,
TXN_1534,U_416,2023-01-21 22:18:42,118.27,"New York, NY",0,False,
TXN_1535,U_108,2023-01-20 13:38:16,7.67,"Philadelphia, PA",0,False,
TXN_1536,U_515,2023-01-01 09:15:20,66.73,"San Antonio, TX",0,False,
TXN_1537,U_363,2023-01-05 05:12:39,67.6,"San Antonio, TX",0,False,
TXN_1538,U_417,2023-01-11 21:59:47,25.73,"Los Angeles, CA",0,False,
TXN_1539,U_350,2023-01-02 03:58:54,9.18,"Houston, TX",0,False,
TXN_1540,U_183,2023-01-14 06:38:07,44.66,"Chicago, IL",0,False,
TXN_1541,U_413,2023-01-09 10:38:17,37.78,"Phoenix, AZ",0,False,
TXN_1542,U_226,2023-01-02 18:19:20,13.96,"Los Angeles, CA",0,False,
TXN_1543,U_113,2023-01-29 14:20:58,69.52,"Los Angeles, CA",0,False,
TXN_1544,U_111,2023-01-02 15:16:38,57.53,"Philadelphia, PA",0,False,
TXN_1545,U_636,2023-01-26 05:38:58,17.37,"Phoenix, AZ",0,False,
TXN_1546,U_666,2023-01-23 16:03:57,25.54,"Los Angeles, CA",0,False,
TXN_1547,U_832,2023-01-04 01:28:20,464.75,"San Antonio, TX",1,False,
TXN_1548,U_911,2023-01-18 13:31:49,68.51,"New York, NY",0,False,
TXN_1549,U_761,2023-01-15 02:04:20,285.43,"Los Angeles, CA",0,False,
TXN_1550,U_972,2023-01-06 14:33:30,57.54,"Phoenix, AZ",0,False,
TXN_1551,U_813,2023-01-27 21:07:46,17.46,"San Antonio, TX",0,False,
TXN_1552,U_306,2023-01-19 03:42:40,364.35,"Philadelphia, PA",1,False,
TXN_1553,U_123,2023-01-12 12:37:23,71.47,"Los Angeles, CA",0,False,
TXN_1554,U_481,2023-01-18 03:27:15,40.14,"San Antonio, TX",0,False,
TXN_1555,U_661,2023-01-17 02:32:18,48.22,"Philadelphia, PA",0,False,
TXN_1556,U_519,2023-01-05 20:24:25,680.6,"Chicago, IL",1,False,
TXN_1557,U_839,2023-01-19 17:00:49,50.53,"Los Angeles, CA",0,False,
TXN_1558,U_873,2023-01-23 21:31:21,247.26,"New York, NY",0,False,
TXN_1559,U_285,2023-01-13 15:00:05,27.25,"New York, NY",0,False,
TXN_1560,U_742,2023-01-04 00:15:16,1037.05,"Houston, TX",1,True,Transaction exceeds $1000
TXN_1561,U_893,2023-01-01 05:32:55,30.99,"San Antonio, TX",0,False,
TXN_1562,U_577,2023-01-12 20:42:19,28.33,"Chicago, IL",0,False,
TXN_1563,U_101,2023-01-16 13:17:42,31.64,"Philadelphia, PA",0,False,
TXN_1564,U_652,2023-01-08 23:48:13,10.12,"San Diego, CA",0,False,
TXN_1565,U_480,2023-01-08 04:56:45,41.16,"Houston, TX",0,False,
TXN_1566,U_183,2023-01-09 19:39:45,10.01,"Houston, TX",0,False,
TXN_1567,U_244,2023-01-23 16:40:26,23.71,"Philadelphia, PA",0,False,
TXN_1568,U_127,2023-01-16 22:52:49,102.59,"Philadelphia, PA",0,False,
TXN_1569,U_360,2023-01-26 22:46:24,79.24,"Philadelphia, PA",0,False,
TXN_1570,U_775,2023-01-05 16:43:24,18.53,"Phoenix, AZ",0,False,
TXN_1571,U_386,2023-01-13 15:41:54,34.17,"Philadelphia, PA",0,False,
TXN_1572,U_691,2023-01-13 01:32:57,34.78,"Chicago, IL",0,False,
TXN_1573,U_943,2023-01-13 08:46:32,33.18,"Chicago, IL",0,False,
TXN_1574,U_375,2023-01-17 23:01:31,66.34,"Phoenix, AZ",0,False,
TXN_1575,U_675,2023-01-23 11:40:11,6.87,"Houston, TX",0,False,
TXN_1576,U_786,2023-01-16 08:24:43,37.18,"Los Angeles, CA",0,False,
TXN_1577,U_596,2023-01-16 06:49:27,86.91,"San Diego, CA",0,False,
TXN_1578,U_255,2023-01-06 07:54:54,45.84,"Los Angeles, CA",0,False,
TXN_1579,U_350,2023-01-30 09:41:16,6.74,"San Antonio, TX",0,False,
TXN_1580,U_433,2023-01-23 04:22:25,11.56,"New York, NY",0,False,
TXN_1581,U_392,2023-01-05 02:08:19,7.65,"Chicago, IL",0,False,
TXN_1582,U_100,2023-01-02 23:15:02,17.73,"Houston, TX",0,False,
TXN_1583,U_584,2023-01-14 23:34:12,9.64,"Chicago, IL",0,False,
TXN_1584,U_260,2023-01-20 19:52:16,48.93,"Chicago, IL",0,False,
TXN_1585,U_111,2023-01-16 00:17:56,37.69,"New York, NY",0,False,
TXN_1586,U_350,2023-01-03 20:12:26,5.88,"New York, NY",0,False,
TXN_1587,U_316,2023-01-23 06:33:21,185.78,"Houston, TX",0,False,
TXN_1588,U_138,2023-01-16 19:47:03,41.24,"San Antonio, TX",0,False,
TXN_1589,U_277,2023-01-01 21:59:01,12.52,"Los Angeles, CA",0,False,
TXN_1590,U_483,2023-01-16 13:07:56,12.75,"Chicago, IL",0,False,
TXN_1591,U_845,2023-01-24 17:08:11,60.96,"Philadelphia, PA",0,False,
TXN_1592,U_440,2023-01-08 11:48:16,70.62,"Houston, TX",0,False,
TXN_1593,U_768,2023-01-20 10:18:07,18.37,"San Diego, CA",0,False,
TXN_1594,U_594,2023-01-20 11:39:01,19.74,"Phoenix, AZ",0,False,
TXN_1595,U_292,2023-01-12 04:01:58,197.29,"Philadelphia, PA",0,False,
TXN_1596,U_526,2023-01-06 04:37:05,19.0,"Chicago, IL",0,False,
TXN_1597,U_637,2023-01-18 10:47:10,47.27,"Houston, TX",0,False,
TXN_1598,U_687,2023-01-15 03:34:31,84.36,"Philadelphia, PA",0,False,
TXN_1599,U_900,2023-01-02 04:09:36,17.15,"Philadelphia, PA",0,False,
TXN_1600,U_753,2023-01-16 09:30:28,59.98,"Los Angeles, CA",0,False,
TXN_1601,U_460,2023-01-08 08:14:17,26.43,"Phoenix, AZ",0,False,
TXN_1602,U_803,2023-01-18 22:03:49,24.14,"Los Angeles, CA",0,False,
TXN_1603,U_260,2023-01-09 14:14:48,107.3,"Houston, TX",0,False,
TXN_1604,U_684,2023-01-30 19:25:18,72.06,"Philadelphia, PA",0,False,
TXN_1605,U_423,2023-01-07 00:22:57,623.89,"San Diego, CA",1,False,
TXN_1606,U_743,2023-01-30 21:15:17,33.83,"Houston, TX",0,False,
TXN_1607,U_581,2023-01-29 03:43:13,110.14,"New York, NY",0,False,
TXN_1608,U_378,2023-01-02 19:28:18,106.59,"Phoenix, AZ",0,False,
TXN_1609,U_740,2023-01-05 13:36:23,22.61,"New York, NY",0,False,
TXN_1610,U_554,2023-01-13 17:41:40,24.62,"New York, NY",0,False,
TXN_1611,U_175,2023-01-23 16:59:37,30.22,"New York, NY",0,False,
TXN_1612,U_927,2023-01-23 10:35:04,885.38,"San Diego, CA",1,False,
TXN_1613,U_596,2023-01-05 03:38:10,17.89,"San Diego, CA",0,False,
TXN_1614,U_366,2023-01-24 15:27:03,60.16,"San Antonio, TX",0,False,
TXN_1615,U_941,2023-01-28 14:27:13,36.13,"Houston, TX",0,False,
TXN_1616,U_102,2023-01-19 11:11:16,104.51,"New York, NY",0,False,
TXN_1617,U_915,2023-01-25 05:48:49,37.62,"San Antonio, TX",0,False,
TXN_1618,U_728,2023-01-15 09:39:40,25.87,"Phoenix, AZ",0,False,
TXN_1619,U_111,2023-01-28 13:22:12,30.44,"Houston, TX",0,False,
TXN_1620,U_392,2023-01-20 20:31:39,37.38,"Los Angeles, CA",0,False,
TXN_1621,U_142,2023-01-12 16:09:19,44.86,"Los Angeles, CA",0,False,
TXN_1622,U_913,2023-01-18 09:08:01,67.85,"San Antonio, TX",0,False,
TXN_1623,U_526,2023-01-07 08:28:04,15.89,"San Antonio, TX",0,False,
TXN_1624,U_435,2023-01-01 16:26:22,8.7,"San Antonio, TX",0,False,
TXN_1625,U_498,2023-01-16 19:40:08,58.17,"San Diego, CA",0,False,
TXN_1626,U_150,2023-01-03 23:48:37,15.82,"Los Angeles, CA",0,False,
TXN_1627,U_433,2023-01-26 20:37:16,53.03,"San Antonio, TX",0,False,
TXN_1628,U_472,2023-01-09 15:46:53,23.36,"Phoenix, AZ",0,False,
TXN_1629,U_850,2023-01-02 16:08:59,43.74,"San Antonio, TX",0,False,
TXN_1630,U_243,2023-01-17 10:08:17,30.53,"Phoenix, AZ",0,False,
TXN_1631,U_688,2023-01-24 00:34:11,91.63,"New York, NY",0,False,
TXN_1632,U_449,2023-01-25 02:58:18,11.58,"San Diego, CA",0,False,
TXN_1633,U_207,2023-01-01 17:40:46,66.73,"New York, NY",0,False,
TXN_1634,U_411,2023-01-22 19:09:36,46.89,"Phoenix, AZ",0,False,
TXN_1635,U_397,2023-01-02 19:14:43,32.63,"Houston, TX",0,False,
TXN_1636,U_985,2023-01-17 07:53:42,89.57,"San Antonio, TX",0,False,
TXN_1637,U_271,2023-01-23 01:27:19,700.38,"San Antonio, TX",1,False,
TXN_1638,U_990,2023-01-03 10:50:30,55.8,"Chicago, IL",0,False,
TXN_1639,U_376,2023-01-21 17:58:45,50.01,"New York, NY",0,False,
TXN_1640,U_125,2023-01-07 12:01:12,534.01,"Chicago, IL",1,False,
TXN_1641,U_732,2023-01-01 20:56:28,123.17,"New York, NY",0,False,
TXN_1642,U_251,2023-01-27 23:09:13,19.76,"Houston, TX",0,False,
TXN_1643,U_679,2023-01-20 11:38:25,70.83,"Philadelphia, PA",0,False,
TXN_1644,U_711,2023-01-27 03:48:54,60.06,"Los Angeles, CA",0,False,
TXN_1645,U_245,2023-01-03 17:06:26,53.89,"Los Angeles, CA",0,False,
TXN_1646,U_538,2023-01-03 06:14:06,18.41,"Chicago, IL",0,False,
TXN_1647,U_207,2023-01-25 11:26:25,37.02,"Houston, TX",0,False,
TXN_1648,U_760,2023-01-01 13:38:24,14.83,"San Diego, CA",0,False,
TXN_1649,U_904,2023-01-19 09:21:18,18.08,"Philadelphia, PA",0,False,
TXN_1650,U_554,2023-01-14 04:43:54,18.19,"San Antonio, TX",0,False,
TXN_1651,U_689,2023-01-09 22:12:28,50.13,"Phoenix, AZ",0,False,
TXN_1652,U_353,2023-01-09 14:11:36,225.26,"Chicago, IL",0,False,
TXN_1653,U_902,2023-01-19 06:07:02,64.4,"Philadelphia, PA",0,False,
TXN_1654,U_934,2023-01-17 14:39:37,32.95,"Phoenix, AZ",0,False,
TXN_1655,U_266,2023-01-03 15:38:24,5.8,"Phoenix, AZ",0,False,
TXN_1656,U_379,2023-01-24 02:17:31,90.38,"San Diego, CA",0,False,
TXN_1657,U_679,2023-01-16 13:30:13,48.18,"Houston, TX",0,False,
TXN_1658,U_266,2023-01-09 01:01:32,9.14,"Philadelphia, PA",0,False,
TXN_1659,U_843,2023-01-03 08:47:31,15.65,"Houston, TX",0,False,
TXN_1660,U_747,2023-01-05 16:02:02,26.05,"Chicago, IL",0,False,
TXN_1661,U_807,2023-01-02 08:21:32,41.6,"Houston, TX",0,False,
TXN_1662,U_741,2023-01-28 10:20:52,8.62,"Chicago, IL",0,False,
TXN_1663,U_259,2023-01-10 18:09:41,49.92,"Chicago, IL",0,False,
TXN_1664,U_166,2023-01-18 22:01:15,24.6,"San Diego, CA",0,False,
TXN_1665,U_358,2023-01-27 22:12:21,7.69,"San Diego, CA",0,False,
TXN_1666,U_271,2023-01-09 06:18:56,274.97,"New York, NY",0,False,
TXN_1667,U_570,2023-01-18 23:43:25,25.29,"Los Angeles, CA",0,False,
TXN_1668,U_761,2023-01-30 12:42:11,168.07,"New York, NY",0,False,
TXN_1669,U_576,2023-01-28 10:17:02,75.29,"San Diego, CA",0,False,
TXN_1670,U_410,2023-01-15 19:43:37,10.08,"New York, NY",0,False,
TXN_1671,U_732,2023-01-26 17:15:34,75.56,"San Diego, CA",0,False,
TXN_1672,U_756,2023-01-04 13:43:43,59.67,"Houston, TX",0,False,
TXN_1673,U_614,2023-01-21 21:05:19,29.11,"Houston, TX",0,False,
TXN_1674,U_378,2023-01-27 10:29:06,13.27,"Houston, TX",0,False,
TXN_1675,U_616,2023-01-13 02:05:27,78.18,"Chicago, IL",0,False,
TXN_1676,U_420,2023-01-12 18:03:36,60.67,"Houston, TX",0,False,
TXN_1677,U_183,2023-01-27 18:49:41,574.86,"San Antonio, TX",1,False,
TXN_1678,U_842,2023-01-22 07:05:03,11.83,"San Diego, CA",0,False,
TXN_1679,U_883,2023-01-01 02:58:19,81.17,"New York, NY",0,False,
TXN_1680,U_837,2023-01-02 08:53:33,11.26,"Philadelphia, PA",0,False,
TXN_1681,U_762,2023-01-21 17:48:33,25.9,"San Antonio, TX",0,False,
TXN_1682,U_460,2023-01-22 14:14:50,18.66,"San Diego, CA",0,False,
TXN_1683,U_548,2023-01-05 12:19:14,30.29,"Los Angeles, CA",0,False,
TXN_1684,U_506,2023-01-01 05:01:13,50.89,"Chicago, IL",0,False,
TXN_1685,U_410,2023-01-23 04:52:50,82.15,"San Antonio, TX",0,False,
TXN_1686,U_242,2023-01-09 09:45:31,100.33,"San Diego, CA",0,False,
TXN_1687,U_589,2023-01-09 18:29:31,138.39,"San Antonio, TX",0,False,
TXN_1688,U_141,2023-01-04 07:48:33,54.44,"New York, NY",0,False,
TXN_1689,U_257,2023-01-03 05:15:03,43.02,"Philadelphia, PA",0,False,
TXN_1690,U_561,2023-01-13 23:47:17,12.62,"New York, NY",0,False,
TXN_1691,U_106,2023-01-19 16:08:45,9.22,"San Antonio, TX",0,False,
TXN_1692,U_504,2023-01-22 12:27:14,14.53,"Los Angeles, CA",0,False,
TXN_1693,U_229,2023-01-20 17:09:37,162.7,"Los Angeles, CA",0,False,
TXN_1694,U_867,2023-01-06 15:28:09,91.43,"New York, NY",0,False,
TXN_1695,U_892,2023-01-13 11:36:00,133.04,"Los Angeles, CA",0,False,
TXN_1696,U_881,2023-01-27 03:42:56,51.6,"Los Angeles, CA",0,False,
TXN_1697,U_921,2023-01-12 11:24:29,14.61,"San Diego, CA",0,False,
TXN_1698,U_998,2023-01-12 05:03:36,92.21,"Philadelphia, PA",0,False,
TXN_1699,U_752,2023-01-18 05:53:56,11.49,"Houston, TX",0,False,
TXN_1700,U_636,2023-01-07 10:28:30,170.0,"New York, NY",0,False,
TXN_1701,U_111,2023-01-01 02:12:47,11.51,"San Antonio, TX",0,False,
TXN_1702,U_191,2023-01-15 13:11:40,142.8,"Houston, TX",0,False,
TXN_1703,U_631,2023-01-03 21:52:17,21.27,"Los Angeles, CA",0,False,
TXN_1704,U_546,2023-01-11 00:10:45,5.02,"San Antonio, TX",0,False,
TXN_1705,U_142,2023-01-23 05:41:17,51.13,"Phoenix, AZ",0,False,
TXN_1706,U_762,2023-01-25 06:23:14,15.65,"Los Angeles, CA",0,False,
TXN_1707,U_444,2023-01-28 04:07:29,38.14,"Chicago, IL",0,False,
TXN_1708,U_789,2023-01-09 02:54:52,615.31,"New York, NY",1,False,
TXN_1709,U_556,2023-01-21 10:25:24,11.47,"Phoenix, AZ",0,False,
TXN_1710,U_289,2023-01-23 20:39:14,14.79,"New York, NY",0,False,
TXN_1711,U_499,2023-01-19 17:55:15,290.64,"New York, NY",0,False,
TXN_1712,U_884,2023-01-12 02:50:12,52.75,"Phoenix, AZ",0,False,
TXN_1713,U_919,2023-01-23 09:08:51,42.44,"San Diego, CA",0,False,
TXN_1714,U_330,2023-01-06 01:01:24,113.84,"San Antonio, TX",0,False,
TXN_1715,U_673,2023-01-15 05:54:04,26.87,"Los Angeles, CA",0,False,
TXN_1716,U_254,2023-01-04 08:14:19,37.85,"New York, NY",0,False,
TXN_1717,U_554,2023-01-11 17:37:40,29.48,"San Antonio, TX",0,False,
TXN_1718,U_744,2023-01-15 08:53:17,19.29,"Chicago, IL",0,False,
TXN_1719,U_673,2023-01-15 20:19:49,20.04,"San Diego, CA",0,False,
TXN_1720,U_749,2023-01-16 10:45:42,12.37,"Los Angeles, CA",0,False,
TXN_1721,U_522,2023-01-18 19:15:12,24.54,"Phoenix, AZ",0,False,
TXN_1722,U_341,2023-01-20 12:19:56,191.22,"San Diego, CA",0,False,
TXN_1723,U_437,2023-01-09 03:07:16,165.42,"Chicago, IL",0,False,
TXN_1724,U_263,2023-01-16 15:35:44,10.81,"San Diego, CA",0,False,
TXN_1725,U_799,2023-01-29 22:43:22,35.29,"Philadelphia, PA",0,False,
TXN_1726,U_407,2023-01-20 14:23:59,10.16,"San Antonio, TX",0,False,
TXN_1727,U_893,2023-01-13 06:15:25,13.13,"New York, NY",0,False,
TXN_1728,U_663,2023-01-16 14:30:07,71.85,"San Antonio, TX",0,False,
TXN_1729,U_843,2023-01-07 21:53:38,28.57,"Philadelphia, PA",0,False,
TXN_1730,U_535,2023-01-10 10:57:32,35.76,"Chicago, IL",0,False,
TXN_1731,U_120,2023-01-09 07:50:01,116.32,"Houston, TX",0,False,
TXN_1732,U_204,2023-01-30 04:21:19,82.3,"Chicago, IL",0,False,
TXN_1733,U_492,2023-01-23 06:52:24,63.26,"New York, NY",0,False,
TXN_1734,U_671,2023-01-13 04:16:47,19.7,"Phoenix, AZ",0,False,
TXN_1735,U_109,2023-01-17 22:07:53,19.59,"Phoenix, AZ",0,False,
TXN_1736,U_331,2023-01-27 20:12:04,92.19,"Phoenix, AZ",0,False,
TXN_1737,U_858,2023-01-09 15:52:01,29.42,"San Diego, CA",0,False,
TXN_1738,U_825,2023-01-20 23:50:08,52.59,"Houston, TX",0,False,
TXN_1739,U_954,2023-01-12 04:06:28,619.86,"New York, NY",1,False,
TXN_1740,U_186,2023-01-27 20:34:44,7.45,"Chicago, IL",0,False,
TXN_1741,U_299,2023-01-06 15:25:10,68.0,"San Diego, CA",0,False,
TXN_1742,U_720,2023-01-19 12:42:26,8.7,"Chicago, IL",0,False,
TXN_1743,U_763,2023-01-21 14:39:12,161.75,"Phoenix, AZ",0,False,
TXN_1744,U_376,2023-01-02 15:13:34,772.59,"Chicago, IL",1,False,
TXN_1745,U_535,2023-01-12 21:41:34,147.64,"Chicago, IL",0,False,
TXN_1746,U_598,2023-01-18 08:34:58,14.56,"New York, NY",0,False,
TXN_1747,U_360,2023-01-08 06:44:45,93.76,"Phoenix, AZ",0,False,
TXN_1748,U_619,2023-01-20 18:49:35,32.61,"Houston, TX",0,False,
TXN_1749,U_722,2023-01-07 23:31:43,41.15,"San Diego, CA",0,False,
TXN_1750,U_436,2023-01-26 23:50:54,81.27,"San Diego, CA",0,False,
TXN_1751,U_459,2023-01-21 03:04:40,29.06,"Chicago, IL",0,False,
TXN_1752,U_660,2023-01-27 09:06:43,52.73,"Phoenix, AZ",0,False,
TXN_1753,U_689,2023-01-18 09:02:32,165.73,"New York, NY",0,False,
TXN_1754,U_218,2023-01-16 06:00:30,177.87,"Philadelphia, PA",0,False,
TXN_1755,U_248,2023-01-12 14:39:31,22.32,"Chicago, IL",0,False,
TXN_1756,U_587,2023-01-16 20:41:25,38.28,"San Antonio, TX",0,False,
TXN_1757,U_259,2023-01-02 07:23:10,41.78,"San Diego, CA",0,False,
TXN_1758,U_387,2023-01-12 08:44:43,13.52,"New York, NY",0,False,
TXN_1759,U_621,2023-01-19 17:38:22,511.87,"Phoenix, AZ",1,False,
TXN_1760,U_282,2023-01-15 04:10:48,28.27,"Phoenix, AZ",0,False,
TXN_1761,U_926,2023-01-15 06:42:21,33.94,"New York, NY",0,False,
TXN_1762,U_725,2023-01-18 14:06:43,18.77,"Los Angeles, CA",0,False,
TXN_1763,U_824,2023-01-10 23:50:03,16.0,"Chicago, IL",0,False,
TXN_1764,U_785,2023-01-01 23:21:20,56.9,"San Antonio, TX",0,False,
TXN_1765,U_221,2023-01-26 17:06:39,24.06,"Chicago, IL",0,False,
TXN_1766,U_138,2023-01-04 13:01:34,19.53,"Houston, TX",0,False,
TXN_1767,U_496,2023-01-18 21:47:41,35.86,"San Antonio, TX",0,False,
TXN_1768,U_401,2023-01-10 17:52:45,79.91,"Philadelphia, PA",0,False,
TXN_1769,U_335,2023-01-08 07:42:23,14.77,"New York, NY",0,False,
TXN_1770,U_697,2023-01-13 19:23:01,213.9,"Los Angeles, CA",0,False,
TXN_1771,U_633,2023-01-25 13:02:19,7.21,"Houston, TX",0,False,
TXN_1772,U_565,2023-01-26 22:34:41,12.06,"San Antonio, TX",0,False,
TXN_1773,U_562,2023-01-04 16:17:55,90.13,"Houston, TX",0,False,
TXN_1774,U_706,2023-01-06 14:40:14,40.25,"Chicago, IL",0,False,
TXN_1775,U_187,2023-01-30 04:01:47,70.99,"San Antonio, TX",0,False,
TXN_1776,U_782,2023-01-19 12:25:08,49.62,"Los Angeles, CA",0,False,
TXN_1777,U_795,2023-01-23 23:08:37,46.62,"San Diego, CA",0,False,
TXN_1778,U_512,2023-01-01 08:15:25,108.31,"Houston, TX",0,False,
TXN_1779,U_466,2023-01-10 05:05:28,76.59,"Chicago, IL",0,False,
TXN_1780,U_210,2023-01-22 03:12:57,5.47,"Los Angeles, CA",0,False,
TXN_1781,U_228,2023-01-25 21:51:39,69.82,"Phoenix, AZ",0,False,
TXN_1782,U_548,2023-01-28 18:08:03,10.22,"Chicago, IL",0,False,
TXN_1783,U_323,2023-01-14 05:40:57,58.58,"New York, NY",0,False,
TXN_1784,U_572,2023-01-20 18:10:17,72.81,"San Antonio, TX",0,False,
TXN_1785,U_401,2023-01-27 02:02:02,63.22,"New York, NY",0,False,
TXN_1786,U_211,2023-01-30 06:17:48,43.68,"Philadelphia, PA",0,False,
TXN_1787,U_697,2023-01-20 11:07:21,76.56,"Los Angeles, CA",0,False,
TXN_1788,U_665,2023-01-15 09:18:05,16.31,"Philadelphia, PA",0,False,
TXN_1789,U_517,2023-01-21 03:31:27,13.06,"Philadelphia, PA",0,False,
TXN_1790,U_169,2023-01-05 19:49:38,285.44,"San Antonio, TX",0,False,
TXN_1791,U_231,2023-01-19 07:34:20,56.55,"Los Angeles, CA",0,False,
TXN_1792,U_635,2023-01-21 11:48:05,49.95,"San Diego, CA",0,False,
TXN_1793,U_904,2023-01-26 11:24:04,5.09,"Philadelphia, PA",0,False,
TXN_1794,U_970,2023-01-15 08:17:24,6.48,"Los Angeles, CA",0,False,
TXN_1795,U_871,2023-01-13 12:40:24,29.52,"Phoenix, AZ",0,False,
TXN_1796,U_372,2023-01-16 11:48:06,108.68,"Houston, TX",0,False,
TXN_1797,U_320,2023-01-20 21:47:03,10.5,"San Antonio, TX",0,False,
TXN_1798,U_797,2023-01-06 15:04:35,7.71,"Los Angeles, CA",0,False,
TXN_1799,U_635,2023-01-15 23:42:09,51.08,"San Antonio, TX",0,False,
TXN_1800,U_287,2023-01-11 09:06:56,55.6,"Philadelphia, PA",0,False,
TXN_1801,U_310,2023-01-06 03:03:51,25.34,"Houston, TX",0,False,
TXN_1802,U_641,2023-01-27 01:00:41,1033.5,"Houston, TX",1,True,Transaction exceeds $1000
TXN_1803,U_803,2023-01-21 15:58:36,12.98,"Philadelphia, PA",0,False,
TXN_1804,U_282,2023-01-08 15:46:56,33.46,"San Antonio, TX",0,False,
TXN_1805,U_245,2023-01-17 07:37:34,17.46,"San Diego, CA",0,False,
TXN_1806,U_862,2023-01-30 02:43:39,71.53,"Houston, TX",0,False,
TXN_1807,U_924,2023-01-25 15:55:39,22.79,"Los Angeles, CA",0,False,
TXN_1808,U_260,2023-01-18 09:06:24,55.74,"San Diego, CA",0,False,
TXN_1809,U_759,2023-01-25 14:59:59,14.82,"Philadelphia, PA",0,False,
TXN_1810,U_498,2023-01-08 10:05:47,29.21,"Chicago, IL",0,False,
TXN_1811,U_236,2023-01-06 20:06:49,49.31,"New York, NY",0,False,
TXN_1812,U_604,2023-01-06 23:29:55,27.49,"Phoenix, AZ",0,False,
TXN_1813,U_149,2023-01-13 16:17:06,6.33,"Phoenix, AZ",0,False,
TXN_1814,U_724,2023-01-27 22:08:53,20.95,"Chicago, IL",0,False,
TXN_1815,U_948,2023-01-18 15:58:42,146.24,"New York, NY",0,False,
TXN_1816,U_525,2023-01-10 09:25:54,33.08,"Los Angeles, CA",0,False,
TXN_1817,U_680,2023-01-07 19:05:00,35.97,"Houston, TX",0,False,
TXN_1818,U_148,2023-01-09 21:38:17,143.51,"Phoenix, AZ",0,False,
TXN_1819,U_455,2023-01-16 11:22:01,9.2,"Phoenix, AZ",0,False,
TXN_1820,U_842,2023-01-30 11:29:42,39.3,"Houston, TX",0,False,
TXN_1821,U_740,2023-01-01 19:08:40,5.35,"Chicago, IL",0,False,
TXN_1822,U_908,2023-01-25 08:38:03,12.27,"Los Angeles, CA",0,False,
TXN_1823,U_642,2023-01-19 22:14:48,161.88,"Chicago, IL",0,False,
TXN_1824,U_507,2023-01-21 14:02:19,7.28,"New York, NY",0,False,
TXN_1825,U_441,2023-01-17 08:47:02,19.18,"Los Angeles, CA",0,False,
TXN_1826,U_319,2023-01-01 20:33:17,19.35,"San Antonio, TX",0,False,
TXN_1827,U_947,2023-01-06 15:13:19,76.23,"Phoenix, AZ",0,False,
TXN_1828,U_717,2023-01-04 03:00:40,79.96,"Chicago, IL",0,False,
TXN_1829,U_655,2023-01-07 13:14:48,38.43,"San Diego, CA",0,False,
TXN_1830,U_795,2023-01-30 22:23:38,8.24,"New York, NY",0,False,
TXN_1831,U_349,2023-01-24 08:01:46,12.5,"Houston, TX",0,False,
TXN_1832,U_295,2023-01-19 13:25:46,26.34,"Philadelphia, PA",0,False,
TXN_1833,U_738,2023-01-23 16:15:10,6.1,"Phoenix, AZ",0,False,
TXN_1834,U_859,2023-01-24 07:33:30,170.38,"Philadelphia, PA",0,False,
TXN_1835,U_754,2023-01-15 21:31:27,143.09,"Phoenix, AZ",0,False,
TXN_1836,U_525,2023-01-20 11:52:31,53.96,"Phoenix, AZ",0,False,
TXN_1837,U_264,2023-01-03 21:58:44,19.82,"New York, NY",0,False,
TXN_1838,U_230,2023-01-28 03:49:42,16.04,"Houston, TX",0,False,
TXN_1839,U_404,2023-01-04 05:54:26,23.46,"San Diego, CA",0,False,
TXN_1840,U_952,2023-01-07 09:42:23,176.1,"San Diego, CA",0,False,
TXN_1841,U_544,2023-01-28 09:06:40,13.2,"Philadelphia, PA",0,False,
TXN_1842,U_807,2023-01-02 01:16:46,19.45,"Los Angeles, CA",0,False,
TXN_1843,U_426,2023-01-08 23:18:45,46.19,"Phoenix, AZ",0,False,
TXN_1844,U_692,2023-01-03 09:21:27,11.1,"Los Angeles, CA",0,False,
TXN_1845,U_453,2023-01-08 20:34:01,44.1,"San Diego, CA",0,False,
TXN_1846,U_522,2023-01-01 12:33:52,44.21,"San Antonio, TX",0,False,
TXN_1847,U_593,2023-01-15 13:21:09,98.84,"Chicago, IL",0,False,
TXN_1848,U_941,2023-01-17 15:13:08,150.66,"San Antonio, TX",0,False,
TXN_1849,U_211,2023-01-14 10:17:28,60.29,"New York, NY",0,False,
TXN_1850,U_197,2023-01-11 00:11:30,57.63,"New York, NY",0,False,
TXN_1851,U_185,2023-01-28 06:23:07,8.21,"Chicago, IL",0,False,
TXN_1852,U_393,2023-01-26 02:02:34,35.74,"Chicago, IL",0,False,
TXN_1853,U_803,2023-01-03 04:58:26,82.15,"Chicago, IL",0,False,
TXN_1854,U_131,2023-01-04 06:00:52,14.0,"San Antonio, TX",0,False,
TXN_1855,U_482,2023-01-11 00:18:59,41.63,"Phoenix, AZ",0,False,
TXN_1856,U_475,2023-01-14 18:43:51,110.12,"San Diego, CA",0,False,
TXN_1857,U_825,2023-01-25 05:00:35,107.23,"Phoenix, AZ",0,False,
TXN_1858,U_480,2023-01-04 08:29:28,46.07,"Houston, TX",0,False,
TXN_1859,U_895,2023-01-27 06:03:05,45.82,"Los Angeles, CA",0,False,
TXN_1860,U_165,2023-01-20 23:29:59,36.17,"San Antonio, TX",0,False,
TXN_1861,U_143,2023-01-06 03:19:05,39.44,"San Diego, CA",0,False,
TXN_1862,U_873,2023-01-27 08:26:27,35.05,"Los Angeles, CA",0,False,
TXN_1863,U_478,2023-01-27 16:54:09,9.9,"San Diego, CA",0,False,
TXN_1864,U_808,2023-01-15 18:03:54,16.39,"New York, NY",0,False,
TXN_1865,U_685,2023-01-15 05:20:07,21.92,"Philadelphia, PA",0,False,
TXN_1866,U_575,2023-01-23 02:49:07,21.18,"Philadelphia, PA",0,False,
TXN_1867,U_171,2023-01-04 02:40:54,56.46,"New York, NY",0,False,
TXN_1868,U_337,2023-01-17 18:26:03,64.52,"Houston, TX",0,False,
TXN_1869,U_367,2023-01-01 22:17:37,24.05,"Phoenix, AZ",0,False,
TXN_1870,U_486,2023-01-27 17:01:37,14.25,"Phoenix, AZ",0,False,
TXN_1871,U_585,2023-01-05 07:13:36,50.58,"New York, NY",0,False,
TXN_1872,U_619,2023-01-22 14:59:48,70.96,"Philadelphia, PA",0,False,
TXN_1873,U_787,2023-01-04 03:55:49,176.72,"Chicago, IL",0,False,
TXN_1874,U_886,2023-01-29 20:29:19,11.26,"Houston, TX",0,False,
TXN_1875,U_913,2023-01-17 10:46:14,175.75,"Phoenix, AZ",0,False,
TXN_1876,U_674,2023-01-01 08:50:52,212.1,"Los Angeles, CA",0,False,
TXN_1877,U_632,2023-01-29 15:24:13,55.35,"Philadelphia, PA",0,False,
TXN_1878,U_359,2023-01-01 09:21:31,111.82,"New York, NY",0,False,
TXN_1879,U_834,2023-01-07 03:58:46,11.95,"San Antonio, TX",0,False,
TXN_1880,U_936,2023-01-10 05:09:44,9.88,"Houston, TX",0,False,
TXN_1881,U_295,2023-01-16 03:54:37,28.82,"San Diego, CA",0,False,
TXN_1882,U_326,2023-01-30 09:29:44,90.48,"San Antonio, TX",0,False,
TXN_1883,U_533,2023-01-20 17:29:41,66.94,"Chicago, IL",0,False,
TXN_1884,U_476,2023-01-24 02:29:30,120.78,"Houston, TX",0,False,
TXN_1885,U_463,2023-01-14 23:02:03,23.85,"Chicago, IL",0,False,
TXN_1886,U_827,2023-01-04 13:40:49,90.53,"Philadelphia, PA",0,False,
TXN_1887,U_687,2023-01-13 06:48:59,42.27,"San Antonio, TX",0,False,
TXN_1888,U_376,2023-01-14 04:38:49,10.3,"Los Angeles, CA",0,False,
TXN_1889,U_774,2023-01-19 09:56:03,122.88,"New York, NY",0,False,
TXN_1890,U_406,2023-01-08 17:43:10,15.61,"Chicago, IL",0,False,
TXN_1891,U_174,2023-01-06 00:51:11,26.72,"San Diego, CA",0,False,
TXN_1892,U_936,2023-01-27 10:28:59,36.87,"San Antonio, TX",0,False,
TXN_1893,U_882,2023-01-04 09:52:26,55.28,"Houston, TX",0,False,
TXN_1894,U_823,2023-01-02 20:03:08,61.38,"Houston, TX",0,False,
TXN_1895,U_165,2023-01-24 04:30:26,62.97,"Phoenix, AZ",0,False,
TXN_1896,U_255,2023-01-02 10:25:50,14.61,"Phoenix, AZ",0,False,
TXN_1897,U_300,2023-01-01 10:42:27,17.89,"Los Angeles, CA",0,False,
TXN_1898,U_858,2023-01-16 02:26:06,25.8,"Houston, TX",0,False,
TXN_1899,U_541,2023-01-02 07:19:42,16.95,"Phoenix, AZ",0,False,
TXN_1900,U_326,2023-01-23 20:46:48,23.12,"Houston, TX",0,False,
TXN_1901,U_401,2023-01-23 20:24:19,703.28,"Los Angeles, CA",1,False,
TXN_1902,U_500,2023-01-22 20:40:06,87.36,"Chicago, IL",0,False,
TXN_1903,U_863,2023-01-21 09:01:02,20.07,"Los Angeles, CA",0,False,
TXN_1904,U_836,2023-01-11 02:31:33,60.54,"San Diego, CA",0,False,
TXN_1905,U_506,2023-01-07 17:58:18,10.88,"Phoenix, AZ",0,False,
TXN_1906,U_987,2023-01-30 15:50:05,35.84,"New York, NY",0,False,
TXN_1907,U_711,2023-01-26 17:40:50,31.62,"San Antonio, TX",0,False,
TXN_1908,U_945,2023-01-28 13:28:26,32.46,"Phoenix, AZ",0,False,
TXN_1909,U_380,2023-01-28 02:55:35,72.34,"New York, NY",0,False,
TXN_1910,U_253,2023-01-22 00:46:29,21.43,"San Diego, CA",0,False,
TXN_1911,U_182,2023-01-06 23:14:53,125.83,"Phoenix, AZ",0,False,
TXN_1912,U_525,2023-01-05 19:16:34,86.71,"Chicago, IL",0,False,
TXN_1913,U_272,2023-01-13 11:09:01,69.85,"San Diego, CA",0,False,
TXN_1914,U_862,2023-01-16 07:57:47,93.42,"San Antonio, TX",0,False,
TXN_1915,U_607,2023-01-17 01:55:30,108.08,"Chicago, IL",0,False,
TXN_1916,U_497,2023-01-28 21:16:21,11.41,"San Diego, CA",0,False,
TXN_1917,U_775,2023-01-12 04:35:20,480.62,"Los Angeles, CA",1,False,
TXN_1918,U_919,2023-01-25 01:26:48,1012.02,"Phoenix, AZ",1,True,Transaction exceeds $1000
TXN_1919,U_838,2023-01-06 16:30:50,70.51,"Philadelphia, PA",0,False,
TXN_1920,U_140,2023-01-15 11:30:11,8.33,"San Antonio, TX",0,False,
TXN_1921,U_875,2023-01-16 08:12:49,60.1,"Los Angeles, CA",0,False,
TXN_1922,U_721,2023-01-28 22:36:05,116.42,"San Diego, CA",0,False,
TXN_1923,U_226,2023-01-10 22:09:02,9.11,"Chicago, IL",0,False,
TXN_1924,U_576,2023-01-14 00:03:09,84.13,"San Antonio, TX",0,False,
TXN_1925,U_769,2023-01-24 10:42:19,48.71,"Houston, TX",0,False,
TXN_1926,U_675,2023-01-05 21:19:41,101.79,"San Antonio, TX",0,False,
TXN_1927,U_866,2023-01-09 04:04:20,19.54,"Los Angeles, CA",0,False,
TXN_1928,U_968,2023-01-18 04:25:38,38.51,"San Antonio, TX",0,False,
TXN_1929,U_300,2023-01-23 05:27:24,6.66,"San Diego, CA",0,False,
TXN_1930,U_134,2023-01-10 05:00:00,8.34,"San Diego, CA",0,False,
TXN_1931,U_579,2023-01-25 00:35:12,6.27,"Houston, TX",0,False,
TXN_1932,U_442,2023-01-09 17:45:11,24.06,"Philadelphia, PA",0,False,
TXN_1933,U_687,2023-01-29 03:19:09,79.33,"Houston, TX",0,False,
TXN_1934,U_972,2023-01-02 00:37:48,14.35,"Philadelphia, PA",0,False,
TXN_1935,U_632,2023-01-23 06:41:54,34.46,"Los Angeles, CA",0,False,
TXN_1936,U_604,2023-01-25 03:01:48,56.03,"San Diego, CA",0,False,
TXN_1937,U_922,2023-01-19 00:19:56,181.62,"San Antonio, TX",0,False,
TXN_1938,U_591,2023-01-17 16:33:05,20.84,"Los Angeles, CA",0,False,
TXN_1939,U_446,2023-01-22 08:49:58,211.26,"New York, NY",0,False,
TXN_1940,U_683,2023-01-16 15:46:30,31.13,"New York, NY",0,False,
TXN_1941,U_313,2023-01-25 03:01:44,5.15,"Phoenix, AZ",0,False,
TXN_1942,U_672,2023-01-28 15:23:49,7.34,"San Antonio, TX",0,False,
TXN_1943,U_747,2023-01-29 14:29:38,21.2,"Los Angeles, CA",0,False,
TXN_1944,U_548,2023-01-14 10:06:48,25.12,"New York, NY",0,False,
TXN_1945,U_852,2023-01-23 08:08:02,15.91,"San Diego, CA",0,False,
TXN_1946,U_390,2023-01-11 01:36:47,944.47,"Philadelphia, PA",1,False,
TXN_1947,U_788,2023-01-16 20:21:17,94.58,"Phoenix, AZ",0,False,
TXN_1948,U_503,2023-01-04 01:52:52,47.44,"Los Angeles, CA",0,False,
TXN_1949,U_417,2023-01-16 12:47:37,22.37,"New York, NY",0,False,
TXN_1950,U_481,2023-01-24 18:39:36,30.29,"San Diego, CA",0,False,
TXN_1951,U_648,2023-01-20 00:28:32,52.99,"Chicago, IL",0,False,
TXN_1952,U_955,2023-01-18 08:55:48,26.17,"Chicago, IL",0,False,
TXN_1953,U_282,2023-01-10 21:31:20,6.51,"San Diego, CA",0,False,
TXN_1954,U_803,2023-01-06 11:37:46,7.29,"Phoenix, AZ",0,False,
TXN_1955,U_432,2023-01-16 18:45:01,14.03,"San Antonio, TX",0,False,
TXN_1956,U_267,2023-01-19 07:11:14,31.47,"Philadelphia, PA",0,False,
TXN_1957,U_555,2023-01-03 05:10:20,67.59,"New York, NY",0,False,
TXN_1958,U_367,2023-01-28 06:01:16,68.37,"Houston, TX",0,False,
TXN_1959,U_349,2023-01-30 06:09:11,104.35,"Los Angeles, CA",0,False,
TXN_1960,U_273,2023-01-18 14:29:42,68.22,"New York, NY",0,False,
TXN_1961,U_530,2023-01-26 19:59:44,51.29,"San Antonio, TX",0,False,
TXN_1962,U_949,2023-01-12 10:11:13,59.72,"Houston, TX",0,False,
TXN_1963,U_772,2023-01-10 00:55:26,59.33,"Chicago, IL",0,False,
TXN_1964,U_584,2023-01-01 02:57:31,44.88,"Chicago, IL",0,False,
TXN_1965,U_212,2023-01-06 01:33:45,24.36,"Chicago, IL",0,False,
TXN_1966,U_140,2023-01-16 21:07:50,31.61,"Los Angeles, CA",0,False,
TXN_1967,U_896,2023-01-30 10:06:57,114.48,"Chicago, IL",0,False,
TXN_1968,U_365,2023-01-10 23:11:09,55.54,"Houston, TX",0,False,
TXN_1969,U_217,2023-01-26 00:22:32,691.41,"San Diego, CA",1,False,
TXN_1970,U_870,2023-01-17 21:55:31,55.79,"Phoenix, AZ",0,False,
TXN_1971,U_728,2023-01-06 10:42:09,42.75,"Houston, TX",0,False,
TXN_1972,U_486,2023-01-03 14:23:25,12.67,"Houston, TX",0,False,
TXN_1973,U_180,2023-01-28 03:55:20,550.41,"San Diego, CA",1,False,
TXN_1974,U_334,2023-01-21 06:46:14,48.04,"Chicago, IL",0,False,
TXN_1975,U_456,2023-01-21 03:42:53,45.89,"San Diego, CA",0,False,
TXN_1976,U_322,2023-01-16 18:08:23,57.82,"Chicago, IL",0,False,
TXN_1977,U_895,2023-01-06 11:15:01,100.47,"San Antonio, TX",0,False,
TXN_1978,U_519,2023-01-06 17:16:18,9.04,"Houston, TX",0,False,
TXN_1979,U_172,2023-01-21 14:21:25,82.79,"New York, NY",0,False,
TXN_1980,U_287,2023-01-27 06:51:13,29.24,"Phoenix, AZ",0,False,
TXN_1981,U_294,2023-01-07 23:34:51,48.29,"Phoenix, AZ",0,False,
TXN_1982,U_140,2023-01-16 23:09:50,10.21,"San Antonio, TX",0,False,
TXN_1983,U_174,2023-01-09 07:50:07,5.62,"Philadelphia, PA",0,False,
TXN_1984,U_924,2023-01-04 19:20:21,66.14,"Chicago, IL",0,False,
TXN_1985,U_778,2023-01-30 07:02:51,33.15,"Houston, TX",0,False,
TXN_1986,U_295,2023-01-23 07:11:51,76.75,"Houston, TX",0,False,
TXN_1987,U_658,2023-01-09 02:18:59,25.76,"Phoenix, AZ",0,False,
TXN_1988,U_301,2023-01-16 15:18:19,28.81,"Chicago, IL",0,False,
TXN_1989,U_518,2023-01-07 13:51:42,8.72,"Philadelphia, PA",0,False,
TXN_1990,U_225,2023-01-15 04:52:26,23.64,"San Antonio, TX",0,False,
TXN_1991,U_905,2023-01-23 20:34:07,51.54,"Houston, TX",0,False,
TXN_1992,U_787,2023-01-06 22:06:43,48.4,"Phoenix, AZ",0,False,
TXN_1993,U_585,2023-01-19 06:30:08,12.57,"Phoenix, AZ",0,False,
TXN_1994,U_936,2023-01-10 14:13:11,194.61,"Los Angeles, CA",0,False,
TXN_1995,U_678,2023-01-08 11:13:14,12.3,"Houston, TX",0,False,
TXN_1996,U_765,2023-01-15 11:42:55,31.73,"New York, NY",0,False,
TXN_1997,U_662,2023-01-18 14:37:46,12.95,"Los Angeles, CA",0,False,
TXN_1998,U_344,2023-01-10 01:27:57,232.97,"New York, NY",1,False,
TXN_1999,U_224,2023-01-14 21:48:20,161.09,"San Antonio, TX",0,False,
